season,is_playoffs,game_number,blue_series_score,red_series_score,is_elimination_game,blue_side_team,red_side_team,predicted_winner,actual_winner,confidence,correct,result_emoji
15,1,1,0,0,0,ONIC PH,Team Liquid PH,ONIC PH,Team Liquid PH,0.5782666732479579,0,❌
15,1,2,1,0,0,Team Liquid PH,ONIC PH,ONIC PH,ONIC PH,0.4863862832255272,1,✅
15,1,3,1,1,1,ONIC PH,Team Liquid PH,ONIC PH,ONIC PH,0.6610564339622302,1,✅
15,1,4,1,2,1,Team Liquid PH,ONIC PH,Team Liquid PH,Team Liquid PH,0.5138260428931672,1,✅
15,1,5,2,2,1,ONIC PH,Team Liquid PH,ONIC PH,Team Liquid PH,0.6098454593415895,0,❌
15,1,6,3,2,1,Team Liquid PH,ONIC PH,Team Liquid PH,ONIC PH,0.559888576301109,0,❌
15,1,7,3,3,1,ONIC PH,Team Liquid PH,ONIC PH,Team Liquid PH,0.5836632591054376,0,❌
15,0,1,0,0,0,Omega Esports,ONIC PH,Omega Esports,Omega Esports,0.5666161777376726,1,✅
15,0,2,0,1,0,ONIC PH,Omega Esports,ONIC PH,ONIC PH,0.6832454796265315,1,✅
15,0,3,1,1,1,Omega Esports,ONIC PH,ONIC PH,ONIC PH,0.2081313790671577,1,✅
15,0,1,0,0,0,Omega Esports,AP.Bren,Omega Esports,Omega Esports,0.5918838178741865,1,✅
15,0,2,0,1,0,AP.Bren,Omega Esports,Omega Esports,AP.Bren,0.19055141091936184,0,❌
15,0,3,1,1,1,Omega Esports,AP.Bren,AP.Bren,AP.Bren,0.38999796081489685,1,✅
15,1,1,0,0,0,Team Liquid PH,Team Falcons PH,Team Liquid PH,Team Liquid PH,0.5655628492929364,1,✅
15,1,2,0,1,0,Team Falcons PH,Team Liquid PH,Team Liquid PH,Team Liquid PH,0.4110223471876559,1,✅
15,1,3,2,0,1,Team Liquid PH,Team Falcons PH,Team Liquid PH,Team Falcons PH,0.5887911502609193,0,❌
15,1,4,1,2,1,Team Falcons PH,Team Liquid PH,Team Liquid PH,Team Liquid PH,0.49895790237038906,1,✅
15,1,5,3,1,1,Team Liquid PH,Team Falcons PH,Team Liquid PH,Team Falcons PH,0.5153378687605026,0,❌
15,1,6,2,3,1,Team Falcons PH,Team Liquid PH,Team Liquid PH,Team Liquid PH,0.4015649877282345,1,✅
15,1,1,0,0,0,Team Falcons PH,TNC Pro Team,TNC Pro Team,TNC Pro Team,0.4578080763415465,1,✅
15,1,2,1,0,0,TNC Pro Team,Team Falcons PH,Team Falcons PH,Team Falcons PH,0.33484483422554,1,✅
15,1,3,1,1,1,Team Falcons PH,TNC Pro Team,Team Falcons PH,Team Falcons PH,0.7148710744885621,1,✅
15,1,4,1,2,1,TNC Pro Team,Team Falcons PH,Team Falcons PH,TNC Pro Team,0.287717559690563,0,❌
15,1,5,2,2,1,Team Falcons PH,TNC Pro Team,Team Falcons PH,Team Falcons PH,0.7718074400261817,1,✅
15,0,1,0,0,0,ONIC PH,Twisted Minds PH,ONIC PH,ONIC PH,0.6536890537875388,1,✅
15,0,2,0,1,0,Twisted Minds PH,ONIC PH,ONIC PH,ONIC PH,0.1775609852795177,1,✅
15,0,1,0,0,0,AP.Bren,Team Falcons PH,Team Falcons PH,Team Falcons PH,0.3747551811543036,1,✅
15,0,2,1,0,0,Team Falcons PH,AP.Bren,Team Falcons PH,AP.Bren,0.7789246875502964,0,❌
15,0,3,1,1,1,AP.Bren,Team Falcons PH,Team Falcons PH,AP.Bren,0.3003652058222307,0,❌
15,1,1,0,0,0,ONIC PH,Twisted Minds PH,ONIC PH,ONIC PH,0.7172892376115272,1,✅
15,1,2,0,1,0,Twisted Minds PH,ONIC PH,ONIC PH,ONIC PH,0.2963006044428521,1,✅
15,1,3,2,0,1,ONIC PH,Twisted Minds PH,ONIC PH,Twisted Minds PH,0.7917786816757567,0,❌
15,1,4,1,2,1,Twisted Minds PH,ONIC PH,ONIC PH,Twisted Minds PH,0.2670880146941589,0,❌
15,1,5,2,2,1,ONIC PH,Twisted Minds PH,ONIC PH,ONIC PH,0.7330989947943253,1,✅
15,0,1,0,0,0,AP.Bren,ONIC PH,ONIC PH,ONIC PH,0.4881924308705867,1,✅
15,0,2,1,0,0,ONIC PH,AP.Bren,ONIC PH,ONIC PH,0.7868558081778811,1,✅
15,0,1,0,0,0,Aurora,Team Falcons PH,Aurora,Team Falcons PH,0.5267872634698103,0,❌
15,0,2,1,0,0,Team Falcons PH,Aurora,Aurora,Aurora,0.46463039718790483,1,✅
15,0,3,1,1,1,Aurora,Team Falcons PH,Aurora,Aurora,0.5961643371965835,1,✅
15,1,1,0,0,0,Aurora,Team Falcons PH,Aurora,Team Falcons PH,0.6851952357924106,0,❌
15,1,2,1,0,0,Team Falcons PH,Aurora,Team Falcons PH,Team Falcons PH,0.5355846938229305,1,✅
15,1,3,0,2,1,Aurora,Team Falcons PH,Team Falcons PH,Team Falcons PH,0.3211938837681524,1,✅
15,0,1,0,0,0,Team Liquid PH,TNC Pro Team,Team Liquid PH,Team Liquid PH,0.5471648446610905,1,✅
15,0,2,0,1,0,TNC Pro Team,Team Liquid PH,Team Liquid PH,Team Liquid PH,0.26492672742010076,1,✅
15,1,1,0,0,0,Aurora,ONIC PH,Aurora,Aurora,0.7369470830563135,1,✅
15,1,2,0,1,0,ONIC PH,Aurora,ONIC PH,ONIC PH,0.5425226323266377,1,✅
15,1,3,1,1,1,Aurora,ONIC PH,Aurora,ONIC PH,0.519967023349363,0,❌
15,1,4,2,1,1,ONIC PH,Aurora,ONIC PH,Aurora,0.525052809239785,0,❌
15,1,5,2,2,1,Aurora,ONIC PH,ONIC PH,ONIC PH,0.4378803037737014,1,✅
15,1,1,0,0,0,Team Liquid PH,Team Falcons PH,Team Falcons PH,Team Falcons PH,0.4959722980701866,1,✅
15,1,2,1,0,0,Team Falcons PH,Team Liquid PH,Team Liquid PH,Team Falcons PH,0.3763718734344469,0,❌
15,1,3,0,2,1,Team Liquid PH,Team Falcons PH,Team Liquid PH,Team Liquid PH,0.5488790573607165,1,✅
15,1,4,2,1,1,Team Falcons PH,Team Liquid PH,Team Liquid PH,Team Liquid PH,0.46765428098708445,1,✅
15,1,5,2,2,1,Team Liquid PH,Team Falcons PH,Team Liquid PH,Team Liquid PH,0.6324417168258827,1,✅
15,0,1,0,0,0,Team Liquid PH,Aurora,Aurora,Team Liquid PH,0.4083242114461285,0,❌
15,0,2,0,1,0,Aurora,Team Liquid PH,Aurora,Team Liquid PH,0.5298571400378888,0,❌
15,1,1,0,0,0,ONIC PH,Team Liquid PH,ONIC PH,ONIC PH,0.5510851646862207,1,✅
15,1,2,0,1,0,Team Liquid PH,ONIC PH,ONIC PH,ONIC PH,0.4096806692709142,1,✅
15,1,3,2,0,1,ONIC PH,Team Liquid PH,ONIC PH,ONIC PH,0.5586004432031739,1,✅
16,0,1,0,0,0,ONIC PH,Team Liquid PH,ONIC PH,ONIC PH,0.582527851100616,1,✅
16,0,2,0,1,0,Team Liquid PH,ONIC PH,ONIC PH,ONIC PH,0.4518351602142569,1,✅
16,0,1,0,0,0,Team Falcons PH,Team Liquid PH,Team Liquid PH,Team Falcons PH,0.36560140881355757,0,❌
16,0,2,0,1,0,Team Liquid PH,Team Falcons PH,Team Liquid PH,Team Liquid PH,0.5763033181714114,1,✅
16,0,3,1,1,1,Team Falcons PH,Team Liquid PH,Team Liquid PH,Team Falcons PH,0.34010003088805907,0,❌
16,1,1,0,0,0,Team Liquid PH,Team Falcons PH,Team Liquid PH,Team Liquid PH,0.5401496834408178,1,✅
16,1,2,0,1,0,Team Falcons PH,Team Liquid PH,Team Liquid PH,Team Liquid PH,0.3070912309419732,1,✅
16,1,3,2,0,1,Team Liquid PH,Team Falcons PH,Team Liquid PH,Team Falcons PH,0.6738202712966155,0,❌
16,1,4,1,2,1,Team Falcons PH,Team Liquid PH,Team Liquid PH,Team Liquid PH,0.34642154916351064,1,✅
16,1,1,0,0,0,Team Liquid PH,Aurora,Team Liquid PH,Aurora,0.6580234634571229,0,❌
16,1,2,1,0,0,Aurora,Team Liquid PH,Team Liquid PH,Team Liquid PH,0.48277909666213425,1,✅
16,1,3,1,1,1,Team Liquid PH,Aurora,Aurora,Aurora,0.4128288396652442,1,✅
16,1,4,2,1,1,Aurora,Team Liquid PH,Aurora,Aurora,0.5777698997002141,1,✅
16,0,1,0,0,0,Team Falcons PH,AP.Bren,AP.Bren,Team Falcons PH,0.43303292820253864,0,❌
16,0,2,0,1,0,AP.Bren,Team Falcons PH,Team Falcons PH,Team Falcons PH,0.32606515763500854,1,✅
16,0,1,0,0,0,TNC Pro Team,Team Liquid PH,Team Liquid PH,Team Liquid PH,0.24677341990292473,1,✅
16,0,2,1,0,0,Team Liquid PH,TNC Pro Team,Team Liquid PH,Team Liquid PH,0.7313121925215298,1,✅
16,0,1,0,0,0,Twisted Minds PH,Team Falcons PH,Team Falcons PH,Twisted Minds PH,0.2252124994489782,0,❌
16,0,2,0,1,0,Team Falcons PH,Twisted Minds PH,Team Falcons PH,Team Falcons PH,0.5297696512039622,1,✅
16,0,3,1,1,1,Twisted Minds PH,Team Falcons PH,Team Falcons PH,Team Falcons PH,0.488177511741915,1,✅
16,0,1,0,0,0,Team Liquid PH,AP.Bren,Team Liquid PH,Team Liquid PH,0.7077493843767828,1,✅
16,0,2,0,1,0,AP.Bren,Team Liquid PH,Team Liquid PH,Team Liquid PH,0.265463286883525,1,✅
16,0,1,0,0,0,Team Liquid PH,ONIC PH,Team Liquid PH,Team Liquid PH,0.5148706181277655,1,✅
16,0,2,0,1,0,ONIC PH,Team Liquid PH,Team Liquid PH,ONIC PH,0.3504070859172693,0,❌
16,0,3,1,1,1,Team Liquid PH,ONIC PH,ONIC PH,ONIC PH,0.4731562935855797,1,✅
16,0,1,0,0,0,Twisted Minds PH,Aurora,Aurora,Aurora,0.24519667069038134,1,✅
16,0,2,1,0,0,Aurora,Twisted Minds PH,Aurora,Aurora,0.7804059213556761,1,✅
16,0,1,0,0,0,Aurora,Team Liquid PH,Aurora,Aurora,0.5545661507014146,1,✅
16,0,2,0,1,0,Team Liquid PH,Aurora,Aurora,Aurora,0.3837852026614343,1,✅
16,0,1,0,0,0,Omega Esports,AP.Bren,Omega Esports,AP.Bren,0.5331354991832027,0,❌
16,0,2,1,0,0,AP.Bren,Omega Esports,Omega Esports,Omega Esports,0.40433337021295046,1,✅
16,0,3,1,1,1,Omega Esports,AP.Bren,Omega Esports,AP.Bren,0.617470238144174,0,❌
16,0,1,0,0,0,TNC Pro Team,AP.Bren,AP.Bren,AP.Bren,0.4296051182478827,1,✅
16,0,2,1,0,0,AP.Bren,TNC Pro Team,TNC Pro Team,TNC Pro Team,0.3820388873479104,1,✅
16,0,3,1,1,1,TNC Pro Team,AP.Bren,TNC Pro Team,TNC Pro Team,0.6850479678440569,1,✅
16,0,1,0,0,0,Aurora,AP.Bren,Aurora,AP.Bren,0.7436951887135228,0,❌
16,0,2,1,0,0,AP.Bren,Aurora,Aurora,Aurora,0.18651280906051115,1,✅
16,0,3,1,1,1,Aurora,AP.Bren,Aurora,Aurora,0.7155893244880277,1,✅
16,0,1,0,0,0,TNC Pro Team,Aurora,Aurora,Aurora,0.2519302718383068,1,✅
16,0,2,1,0,0,Aurora,TNC Pro Team,Aurora,Aurora,0.6519961095978954,1,✅
16,0,1,0,0,0,Twisted Minds PH,AP.Bren,AP.Bren,Twisted Minds PH,0.4536688415455045,0,❌
16,0,2,0,1,0,AP.Bren,Twisted Minds PH,Twisted Minds PH,Twisted Minds PH,0.37696187593771235,1,✅
16,0,1,0,0,0,Omega Esports,Aurora,Aurora,Aurora,0.3780782736563067,1,✅
16,0,2,1,0,0,Aurora,Omega Esports,Aurora,Omega Esports,0.6056857507441668,0,❌
16,0,3,1,1,1,Omega Esports,Aurora,Aurora,Aurora,0.32542049518156213,1,✅
16,0,1,0,0,0,Team Falcons PH,ONIC PH,ONIC PH,Team Falcons PH,0.42975921309599985,0,❌
16,0,2,0,1,0,ONIC PH,Team Falcons PH,Team Falcons PH,ONIC PH,0.37317842534782,0,❌
16,0,3,1,1,1,Team Falcons PH,ONIC PH,ONIC PH,Team Falcons PH,0.41692272352283577,0,❌
16,0,1,0,0,0,Omega Esports,Twisted Minds PH,Omega Esports,Twisted Minds PH,0.5539101810931464,0,❌
16,0,2,1,0,0,Twisted Minds PH,Omega Esports,Twisted Minds PH,Omega Esports,0.5934980503671814,0,❌
16,0,3,1,1,1,Omega Esports,Twisted Minds PH,Twisted Minds PH,Twisted Minds PH,0.47067651972347196,1,✅
16,1,1,0,0,0,ONIC PH,Team Liquid PH,ONIC PH,Team Liquid PH,0.5420221674628901,0,❌
16,1,2,1,0,0,Team Liquid PH,ONIC PH,Team Liquid PH,Team Liquid PH,0.6361641263134674,1,✅
16,1,3,0,2,1,ONIC PH,Team Liquid PH,Team Liquid PH,Team Liquid PH,0.3335348686898033,1,✅
16,0,1,0,0,0,Twisted Minds PH,Team Liquid PH,Team Liquid PH,Twisted Minds PH,0.1630023947622627,0,❌
16,0,2,0,1,0,Team Liquid PH,Twisted Minds PH,Team Liquid PH,Team Liquid PH,0.6517361752251105,1,✅
16,0,3,1,1,1,Twisted Minds PH,Team Liquid PH,Team Liquid PH,Team Liquid PH,0.27303696922731024,1,✅
16,0,1,0,0,0,Twisted Minds PH,ONIC PH,ONIC PH,ONIC PH,0.2172566199583396,1,✅
16,0,2,1,0,0,ONIC PH,Twisted Minds PH,ONIC PH,ONIC PH,0.7569710491419037,1,✅
16,0,1,0,0,0,ONIC PH,TNC Pro Team,ONIC PH,ONIC PH,0.6375186733654461,1,✅
16,0,2,0,1,0,TNC Pro Team,ONIC PH,ONIC PH,TNC Pro Team,0.22348501056556125,0,❌
16,0,3,1,1,1,ONIC PH,TNC Pro Team,ONIC PH,ONIC PH,0.6939594875566578,1,✅
16,0,1,0,0,0,AP.Bren,Team Falcons PH,Team Falcons PH,Team Falcons PH,0.387084208794908,1,✅
16,0,2,1,0,0,Team Falcons PH,AP.Bren,Team Falcons PH,AP.Bren,0.7589652921753467,0,❌
16,0,3,1,1,1,AP.Bren,Team Falcons PH,Team Falcons PH,AP.Bren,0.20387974121302777,0,❌
16,1,1,0,0,0,Aurora,TNC Pro Team,Aurora,Aurora,0.7157874943363347,1,✅
16,1,2,0,1,0,TNC Pro Team,Aurora,Aurora,TNC Pro Team,0.20871908913800463,0,❌
16,1,3,1,1,1,Aurora,TNC Pro Team,Aurora,Aurora,0.6317536052662482,1,✅
16,1,4,1,2,1,TNC Pro Team,Aurora,Aurora,TNC Pro Team,0.26637896213999185,0,❌
16,1,5,2,2,1,Aurora,TNC Pro Team,Aurora,Aurora,0.6731474396221131,1,✅
16,0,1,0,0,0,TNC Pro Team,Twisted Minds PH,Twisted Minds PH,Twisted Minds PH,0.35482914882308975,1,✅
16,0,2,1,0,0,Twisted Minds PH,TNC Pro Team,Twisted Minds PH,TNC Pro Team,0.6108205086134907,0,❌
16,0,3,1,1,1,TNC Pro Team,Twisted Minds PH,TNC Pro Team,TNC Pro Team,0.5414413742815011,1,✅
16,0,1,0,0,0,ONIC PH,Twisted Minds PH,ONIC PH,ONIC PH,0.6397178999441544,1,✅
16,0,2,0,1,0,Twisted Minds PH,ONIC PH,ONIC PH,Twisted Minds PH,0.232611833112229,0,❌
16,0,3,1,1,1,ONIC PH,Twisted Minds PH,ONIC PH,Twisted Minds PH,0.6087409369665306,0,❌
16,0,1,0,0,0,Team Liquid PH,Aurora,Team Liquid PH,Aurora,0.5864153674683082,0,❌
16,0,2,1,0,0,Aurora,Team Liquid PH,Team Liquid PH,Team Liquid PH,0.3302234712525188,1,✅
16,0,3,1,1,1,Team Liquid PH,Aurora,Team Liquid PH,Aurora,0.5957316516972304,0,❌
16,0,1,0,0,0,ONIC PH,Omega Esports,ONIC PH,ONIC PH,0.591286508675284,1,✅
16,0,2,0,1,0,Omega Esports,ONIC PH,ONIC PH,ONIC PH,0.24865524009180126,1,✅
16,0,1,0,0,0,Team Falcons PH,Twisted Minds PH,Team Falcons PH,Twisted Minds PH,0.6152669694631523,0,❌
16,0,2,1,0,0,Twisted Minds PH,Team Falcons PH,Team Falcons PH,Twisted Minds PH,0.23204770738092032,0,❌
16,0,1,0,0,0,AP.Bren,TNC Pro Team,TNC Pro Team,TNC Pro Team,0.4719669442477759,1,✅
16,0,2,1,0,0,TNC Pro Team,AP.Bren,TNC Pro Team,TNC Pro Team,0.6258597458889902,1,✅
16,0,1,0,0,0,ONIC PH,Aurora,ONIC PH,ONIC PH,0.5339876603326037,1,✅
16,0,2,0,1,0,Aurora,ONIC PH,ONIC PH,Aurora,0.27613485885142064,0,❌
16,0,3,1,1,1,ONIC PH,Aurora,ONIC PH,Aurora,0.6434684522866567,0,❌
16,0,1,0,0,0,Aurora,TNC Pro Team,Aurora,Aurora,0.6924249974226793,1,✅
16,0,2,0,1,0,TNC Pro Team,Aurora,Aurora,TNC Pro Team,0.25740036654589804,0,❌
16,0,3,1,1,1,Aurora,TNC Pro Team,Aurora,Aurora,0.756913287777278,1,✅
16,0,1,0,0,0,ONIC PH,AP.Bren,ONIC PH,AP.Bren,0.7086822877763478,0,❌
16,0,2,1,0,0,AP.Bren,ONIC PH,ONIC PH,AP.Bren,0.29109707612751434,0,❌
16,0,1,0,0,0,TNC Pro Team,Omega Esports,Omega Esports,Omega Esports,0.254577610363915,1,✅
16,0,2,1,0,0,Omega Esports,TNC Pro Team,Omega Esports,TNC Pro Team,0.6369078658128484,0,❌
16,0,3,1,1,1,TNC Pro Team,Omega Esports,TNC Pro Team,Omega Esports,0.6191733337096875,0,❌
16,0,1,0,0,0,Aurora,Team Falcons PH,Aurora,Team Falcons PH,0.6306635705226907,0,❌
16,0,2,1,0,0,Team Falcons PH,Aurora,Team Falcons PH,Team Falcons PH,0.6185699785166019,1,✅
16,0,1,0,0,0,Omega Esports,Team Falcons PH,Team Falcons PH,Omega Esports,0.3219391112942021,0,❌
16,0,2,0,1,0,Team Falcons PH,Omega Esports,Omega Esports,Omega Esports,0.4790579535488814,1,✅
16,1,1,0,0,0,Aurora,Team Liquid PH,Aurora,Team Liquid PH,0.6095420778858713,0,❌
16,1,2,1,0,0,Team Liquid PH,Aurora,Aurora,Team Liquid PH,0.3716135552639955,0,❌
16,1,3,0,2,1,Aurora,Team Liquid PH,Team Liquid PH,Team Liquid PH,0.36801198854913053,1,✅
16,1,4,3,0,1,Team Liquid PH,Aurora,Aurora,Team Liquid PH,0.4557751166045739,0,❌
16,0,1,0,0,0,AP.Bren,Twisted Minds PH,AP.Bren,Twisted Minds PH,0.5226149874281617,0,❌
16,0,2,1,0,0,Twisted Minds PH,AP.Bren,Twisted Minds PH,AP.Bren,0.656390981219374,0,❌
16,0,3,1,1,1,AP.Bren,Twisted Minds PH,Twisted Minds PH,Twisted Minds PH,0.4589054112709934,1,✅
16,1,1,0,0,0,Twisted Minds PH,TNC Pro Team,TNC Pro Team,TNC Pro Team,0.4119457810271105,1,✅
16,1,2,1,0,0,TNC Pro Team,Twisted Minds PH,TNC Pro Team,Twisted Minds PH,0.612571876474006,0,❌
16,1,3,1,1,1,Twisted Minds PH,TNC Pro Team,Twisted Minds PH,TNC Pro Team,0.5521570622758937,0,❌
16,1,4,2,1,1,TNC Pro Team,Twisted Minds PH,TNC Pro Team,Twisted Minds PH,0.5793364465511861,0,❌
16,1,5,2,2,1,Twisted Minds PH,TNC Pro Team,TNC Pro Team,TNC Pro Team,0.38815712102700894,1,✅
16,0,1,0,0,0,Omega Esports,TNC Pro Team,Omega Esports,Omega Esports,0.7025702190303713,1,✅
16,0,2,0,1,0,TNC Pro Team,Omega Esports,Omega Esports,TNC Pro Team,0.36367578205379636,0,❌
16,0,3,1,1,1,Omega Esports,TNC Pro Team,Omega Esports,Omega Esports,0.6175263667500694,1,✅
16,0,1,0,0,0,ONIC PH,Team Falcons PH,ONIC PH,ONIC PH,0.5122378202697839,1,✅
16,0,2,0,1,0,Team Falcons PH,ONIC PH,ONIC PH,ONIC PH,0.2675064912367657,1,✅
16,0,1,0,0,0,Team Falcons PH,Omega Esports,Omega Esports,Omega Esports,0.3866254774285155,1,✅
16,0,2,1,0,0,Omega Esports,Team Falcons PH,Team Falcons PH,Team Falcons PH,0.4453557308878994,1,✅
16,0,3,1,1,1,Team Falcons PH,Omega Esports,Team Falcons PH,Omega Esports,0.7023542467883979,0,❌
16,0,1,0,0,0,TNC Pro Team,Team Falcons PH,Team Falcons PH,TNC Pro Team,0.21624859697052592,0,❌
16,0,2,0,1,0,Team Falcons PH,TNC Pro Team,Team Falcons PH,TNC Pro Team,0.6023752379483139,0,❌
16,0,1,0,0,0,Twisted Minds PH,TNC Pro Team,TNC Pro Team,TNC Pro Team,0.32331555758303265,1,✅
16,0,2,1,0,0,TNC Pro Team,Twisted Minds PH,TNC Pro Team,Twisted Minds PH,0.5829774286397984,0,❌
16,0,3,1,1,1,Twisted Minds PH,TNC Pro Team,Twisted Minds PH,Twisted Minds PH,0.5168915205429657,1,✅
16,1,1,0,0,0,Team Liquid PH,TNC Pro Team,Team Liquid PH,Team Liquid PH,0.7290771912896088,1,✅
16,1,2,0,1,0,TNC Pro Team,Team Liquid PH,Team Liquid PH,TNC Pro Team,0.2719098358693576,0,❌
16,1,3,1,1,1,Team Liquid PH,TNC Pro Team,Team Liquid PH,Team Liquid PH,0.6228519460903339,1,✅
16,1,4,1,2,1,TNC Pro Team,Team Liquid PH,Team Liquid PH,Team Liquid PH,0.28947172051617687,1,✅
16,1,5,3,1,1,Team Liquid PH,TNC Pro Team,Team Liquid PH,Team Liquid PH,0.6898614593571148,1,✅
16,1,1,0,0,0,ONIC PH,TNC Pro Team,ONIC PH,ONIC PH,0.6652144158356423,1,✅
16,1,2,0,1,0,TNC Pro Team,ONIC PH,ONIC PH,TNC Pro Team,0.3149014800071081,0,❌
16,1,3,1,1,1,ONIC PH,TNC Pro Team,ONIC PH,TNC Pro Team,0.706043466730627,0,❌
16,1,4,2,1,1,TNC Pro Team,ONIC PH,ONIC PH,ONIC PH,0.3742732264783748,1,✅
16,1,5,2,2,1,ONIC PH,TNC Pro Team,ONIC PH,TNC Pro Team,0.663136263524801,0,❌
16,0,1,0,0,0,Omega Esports,ONIC PH,ONIC PH,ONIC PH,0.3268716855218694,1,✅
16,0,2,1,0,0,ONIC PH,Omega Esports,ONIC PH,ONIC PH,0.6893115080801979,1,✅
16,0,1,0,0,0,Aurora,Omega Esports,Aurora,Aurora,0.5691375874504273,1,✅
16,0,2,0,1,0,Omega Esports,Aurora,Aurora,Aurora,0.30179353147998944,1,✅
16,0,1,0,0,0,Team Liquid PH,TNC Pro Team,Team Liquid PH,Team Liquid PH,0.707353944248446,1,✅
16,0,2,0,1,0,TNC Pro Team,Team Liquid PH,Team Liquid PH,Team Liquid PH,0.27402717357734035,1,✅
16,0,1,0,0,0,AP.Bren,Omega Esports,Omega Esports,AP.Bren,0.3675205145024897,0,❌
16,0,2,0,1,0,Omega Esports,AP.Bren,Omega Esports,Omega Esports,0.5936502254663996,1,✅
16,0,3,1,1,1,AP.Bren,Omega Esports,Omega Esports,AP.Bren,0.34953388114494105,0,❌
16,0,1,0,0,0,TNC Pro Team,ONIC PH,ONIC PH,TNC Pro Team,0.21257590549681896,0,❌
16,0,2,0,1,0,ONIC PH,TNC Pro Team,ONIC PH,ONIC PH,0.6710169563011128,1,✅
16,0,3,1,1,1,TNC Pro Team,ONIC PH,ONIC PH,ONIC PH,0.2664105939578931,1,✅
16,0,1,0,0,0,Team Liquid PH,Omega Esports,Team Liquid PH,Team Liquid PH,0.5567226214926563,1,✅
16,0,2,0,1,0,Omega Esports,Team Liquid PH,Team Liquid PH,Team Liquid PH,0.3598915660987352,1,✅
16,0,1,0,0,0,Aurora,ONIC PH,ONIC PH,Aurora,0.45735838956124114,0,❌
16,0,2,0,1,0,ONIC PH,Aurora,Aurora,ONIC PH,0.4999185972359909,0,❌
16,0,3,1,1,1,Aurora,ONIC PH,Aurora,Aurora,0.5697204933108687,1,✅
16,0,1,0,0,0,Team Liquid PH,Team Falcons PH,Team Liquid PH,Team Liquid PH,0.5163651234878759,1,✅
16,0,2,0,1,0,Team Falcons PH,Team Liquid PH,Team Liquid PH,Team Falcons PH,0.2803906347868353,0,❌
16,0,3,1,1,1,Team Liquid PH,Team Falcons PH,Team Liquid PH,Team Liquid PH,0.633233190119495,1,✅
16,0,1,0,0,0,AP.Bren,Aurora,Aurora,Aurora,0.1946574041644663,1,✅
16,0,2,1,0,0,Aurora,AP.Bren,Aurora,Aurora,0.7226813088279282,1,✅
16,0,1,0,0,0,AP.Bren,ONIC PH,ONIC PH,ONIC PH,0.2551434361416168,1,✅
16,0,2,1,0,0,ONIC PH,AP.Bren,ONIC PH,ONIC PH,0.7913808809070384,1,✅
16,0,1,0,0,0,Aurora,Twisted Minds PH,Aurora,Aurora,0.6169715284247894,1,✅
16,0,2,0,1,0,Twisted Minds PH,Aurora,Aurora,Twisted Minds PH,0.1867095919248618,0,❌
16,0,3,1,1,1,Aurora,Twisted Minds PH,Aurora,Aurora,0.5335115053692564,1,✅
16,0,1,0,0,0,Team Falcons PH,Aurora,Aurora,Team Falcons PH,0.3048566519285642,0,❌
16,0,2,0,1,0,Aurora,Team Falcons PH,Aurora,Aurora,0.5849629207591873,1,✅
16,0,3,1,1,1,Team Falcons PH,Aurora,Aurora,Aurora,0.42633231008958916,1,✅
16,0,1,0,0,0,Omega Esports,Team Liquid PH,Team Liquid PH,Team Liquid PH,0.3600378886264404,1,✅
16,0,2,1,0,0,Team Liquid PH,Omega Esports,Team Liquid PH,Team Liquid PH,0.6707573406987097,1,✅
16,0,1,0,0,0,AP.Bren,Team Liquid PH,Team Liquid PH,Team Liquid PH,0.23582772238240554,1,✅
16,0,2,1,0,0,Team Liquid PH,AP.Bren,Team Liquid PH,Team Liquid PH,0.7306585009891391,1,✅
16,0,1,0,0,0,Twisted Minds PH,Omega Esports,Omega Esports,Omega Esports,0.2890639691534715,1,✅
16,0,2,1,0,0,Omega Esports,Twisted Minds PH,Omega Esports,Omega Esports,0.670068325495865,1,✅
16,0,1,0,0,0,Team Falcons PH,TNC Pro Team,Team Falcons PH,Team Falcons PH,0.5189922570695329,1,✅
16,0,2,0,1,0,TNC Pro Team,Team Falcons PH,Team Falcons PH,TNC Pro Team,0.3581718909151873,0,❌
16,0,3,1,1,1,Team Falcons PH,TNC Pro Team,Team Falcons PH,TNC Pro Team,0.7269462506849044,0,❌
16,0,1,0,0,0,Team Liquid PH,Twisted Minds PH,Team Liquid PH,Team Liquid PH,0.6497567853143984,1,✅
16,0,2,0,1,0,Twisted Minds PH,Team Liquid PH,Team Liquid PH,Team Liquid PH,0.3142401318474689,1,✅
17,0,1,0,0,0,Team Falcons PH,ONIC PH,ONIC PH,Team Falcons PH,0.4018281865006539,0,❌
17,0,2,0,1,0,ONIC PH,Team Falcons PH,Team Falcons PH,ONIC PH,0.450139424248869,0,❌
17,0,3,1,1,1,Team Falcons PH,ONIC PH,Team Falcons PH,Team Falcons PH,0.5105899756004555,1,✅
17,0,1,0,0,0,Twisted Minds PH,ONIC PH,ONIC PH,ONIC PH,0.27036657305852163,1,✅
17,0,2,1,0,0,ONIC PH,Twisted Minds PH,ONIC PH,Twisted Minds PH,0.7129494186903967,0,❌
17,0,3,1,1,1,Twisted Minds PH,ONIC PH,ONIC PH,ONIC PH,0.3428239916144755,1,✅
17,0,1,0,0,0,Twisted Minds PH,AP.Bren,AP.Bren,Twisted Minds PH,0.4524088463171554,0,❌
17,0,2,0,1,0,AP.Bren,Twisted Minds PH,Twisted Minds PH,Twisted Minds PH,0.3297506636602451,1,✅
17,0,1,0,0,0,Twisted Minds PH,Team Falcons PH,Team Falcons PH,Team Falcons PH,0.24023138708425099,1,✅
17,0,2,1,0,0,Team Falcons PH,Twisted Minds PH,Team Falcons PH,Team Falcons PH,0.6820840205933821,1,✅
17,0,1,0,0,0,Team Liquid PH,AP.Bren,Team Liquid PH,Team Liquid PH,0.7657150315974207,1,✅
17,0,2,0,1,0,AP.Bren,Team Liquid PH,Team Liquid PH,AP.Bren,0.29017898673136144,0,❌
17,0,3,1,1,1,Team Liquid PH,AP.Bren,Team Liquid PH,Team Liquid PH,0.6616135132301011,1,✅
17,0,1,0,0,0,Omega Esports,Team Liquid PH,Team Liquid PH,Team Liquid PH,0.22244422723785512,1,✅
17,0,2,1,0,0,Team Liquid PH,Omega Esports,Team Liquid PH,Team Liquid PH,0.667465255814633,1,✅
17,0,1,0,0,0,Team Liquid PH,Team Falcons PH,Team Liquid PH,Team Liquid PH,0.519228237100644,1,✅
17,0,2,0,1,0,Team Falcons PH,Team Liquid PH,Team Liquid PH,Team Falcons PH,0.35735464092224045,0,❌
17,0,3,1,1,1,Team Liquid PH,Team Falcons PH,Team Liquid PH,Team Falcons PH,0.6190425283762184,0,❌
17,0,1,0,0,0,Team Falcons PH,Aurora,Aurora,Team Falcons PH,0.46074774526920537,0,❌
17,0,2,0,1,0,Aurora,Team Falcons PH,Team Falcons PH,Team Falcons PH,0.4286695715544684,1,✅
17,0,1,0,0,0,Twisted Minds PH,Aurora,Aurora,Aurora,0.23369924893588523,1,✅
17,0,2,1,0,0,Aurora,Twisted Minds PH,Aurora,Aurora,0.7321709919235506,1,✅
17,0,1,0,0,0,ONIC PH,Twisted Minds PH,ONIC PH,ONIC PH,0.6254561499964176,1,✅
17,0,2,0,1,0,Twisted Minds PH,ONIC PH,ONIC PH,ONIC PH,0.27601604546540515,1,✅
17,0,1,0,0,0,AP.Bren,TNC Pro Team,TNC Pro Team,AP.Bren,0.39634684961203326,0,❌
17,0,2,0,1,0,TNC Pro Team,AP.Bren,AP.Bren,TNC Pro Team,0.3634264906053718,0,❌
17,0,3,1,1,1,AP.Bren,TNC Pro Team,TNC Pro Team,AP.Bren,0.4079554595154864,0,❌
17,0,1,0,0,0,Aurora,Team Falcons PH,Aurora,Aurora,0.6553576722282904,1,✅
17,0,2,0,1,0,Team Falcons PH,Aurora,Aurora,Team Falcons PH,0.3014983697081676,0,❌
17,0,3,1,1,1,Aurora,Team Falcons PH,Aurora,Team Falcons PH,0.6627494025552649,0,❌
17,0,1,0,0,0,Team Falcons PH,Twisted Minds PH,Twisted Minds PH,Team Falcons PH,0.4906328998462747,0,❌
17,0,2,0,1,0,Twisted Minds PH,Team Falcons PH,Team Falcons PH,Team Falcons PH,0.3104413523343227,1,✅
17,0,1,0,0,0,Aurora,TNC Pro Team,Aurora,Aurora,0.7356675555843764,1,✅
17,0,2,0,1,0,TNC Pro Team,Aurora,Aurora,Aurora,0.2125269417098954,1,✅
17,0,1,0,0,0,TNC Pro Team,Aurora,Aurora,TNC Pro Team,0.24412528969323943,0,❌
17,0,2,0,1,0,Aurora,TNC Pro Team,Aurora,TNC Pro Team,0.5936328174720079,0,❌
17,0,1,0,0,0,TNC Pro Team,AP.Bren,TNC Pro Team,AP.Bren,0.5723434169416506,0,❌
17,0,2,1,0,0,AP.Bren,TNC Pro Team,AP.Bren,TNC Pro Team,0.5626597184899589,0,❌
17,0,3,1,1,1,TNC Pro Team,AP.Bren,TNC Pro Team,AP.Bren,0.5853075827123784,0,❌
17,0,1,0,0,0,AP.Bren,Twisted Minds PH,Twisted Minds PH,Twisted Minds PH,0.39879379994931935,1,✅
17,0,2,1,0,0,Twisted Minds PH,AP.Bren,Twisted Minds PH,Twisted Minds PH,0.5939162969548952,1,✅
17,0,1,0,0,0,TNC Pro Team,Team Falcons PH,Team Falcons PH,Team Falcons PH,0.23498630347716729,1,✅
17,0,2,1,0,0,Team Falcons PH,TNC Pro Team,Team Falcons PH,Team Falcons PH,0.6984336007937667,1,✅
17,0,1,0,0,0,Team Liquid PH,Twisted Minds PH,Team Liquid PH,Team Liquid PH,0.7059596656379634,1,✅
17,0,2,0,1,0,Twisted Minds PH,Team Liquid PH,Team Liquid PH,Team Liquid PH,0.2009604397991978,1,✅
17,0,1,0,0,0,AP.Bren,Team Falcons PH,Team Falcons PH,Team Falcons PH,0.2757104604883265,1,✅
17,0,2,1,0,0,Team Falcons PH,AP.Bren,Team Falcons PH,Team Falcons PH,0.7873554634797514,1,✅
17,0,1,0,0,0,Team Liquid PH,Aurora,Team Liquid PH,Team Liquid PH,0.5998124887130081,1,✅
17,0,2,0,1,0,Aurora,Team Liquid PH,Team Liquid PH,Aurora,0.386594424781777,0,❌
17,0,3,1,1,1,Team Liquid PH,Aurora,Aurora,Team Liquid PH,0.44770349815712934,0,❌
17,0,1,0,0,0,Team Falcons PH,Team Liquid PH,Team Liquid PH,Team Falcons PH,0.37951747048847395,0,❌
17,0,2,0,1,0,Team Liquid PH,Team Falcons PH,Team Liquid PH,Team Liquid PH,0.5985714821272152,1,✅
17,0,3,1,1,1,Team Falcons PH,Team Liquid PH,Team Liquid PH,Team Liquid PH,0.34052054927419606,1,✅
17,0,1,0,0,0,Twisted Minds PH,TNC Pro Team,TNC Pro Team,TNC Pro Team,0.37809456318148066,1,✅
17,0,2,1,0,0,TNC Pro Team,Twisted Minds PH,Twisted Minds PH,Twisted Minds PH,0.47439534050171395,1,✅
17,0,3,1,1,1,Twisted Minds PH,TNC Pro Team,TNC Pro Team,Twisted Minds PH,0.49195398940375623,0,❌
17,0,1,0,0,0,AP.Bren,Team Liquid PH,Team Liquid PH,AP.Bren,0.2193215408164793,0,❌
17,0,2,0,1,0,Team Liquid PH,AP.Bren,Team Liquid PH,Team Liquid PH,0.6004514979696893,1,✅
17,0,3,1,1,1,AP.Bren,Team Liquid PH,Team Liquid PH,Team Liquid PH,0.2620339269479694,1,✅
17,0,1,0,0,0,Team Falcons PH,AP.Bren,Team Falcons PH,Team Falcons PH,0.5446330762148117,1,✅
17,0,2,0,1,0,AP.Bren,Team Falcons PH,Team Falcons PH,Team Falcons PH,0.2477323241199161,1,✅
17,0,1,0,0,0,Team Liquid PH,Omega Esports,Team Liquid PH,Team Liquid PH,0.6979678934312941,1,✅
17,0,2,0,1,0,Omega Esports,Team Liquid PH,Team Liquid PH,Team Liquid PH,0.23227208429970256,1,✅
17,0,1,0,0,0,Omega Esports,AP.Bren,AP.Bren,Omega Esports,0.46389499610722257,0,❌
17,0,2,0,1,0,AP.Bren,Omega Esports,Omega Esports,AP.Bren,0.33878705724696634,0,❌
17,0,3,1,1,1,Omega Esports,AP.Bren,Omega Esports,Omega Esports,0.6108984009817923,1,✅
17,0,1,0,0,0,Team Liquid PH,TNC Pro Team,Team Liquid PH,Team Liquid PH,0.7671395020890769,1,✅
17,0,2,0,1,0,TNC Pro Team,Team Liquid PH,Team Liquid PH,Team Liquid PH,0.1839105696785268,1,✅
17,0,1,0,0,0,ONIC PH,Team Falcons PH,ONIC PH,ONIC PH,0.5377983944911913,1,✅
17,0,2,0,1,0,Team Falcons PH,ONIC PH,ONIC PH,Team Falcons PH,0.39614340299583983,0,❌
17,0,3,1,1,1,ONIC PH,Team Falcons PH,Team Falcons PH,Team Falcons PH,0.4489132609318765,1,✅
17,0,1,0,0,0,Omega Esports,Twisted Minds PH,Twisted Minds PH,Omega Esports,0.4332333255058327,0,❌
17,0,2,0,1,0,Twisted Minds PH,Omega Esports,Omega Esports,Omega Esports,0.4065738289537776,1,✅
17,0,1,0,0,0,Aurora,AP.Bren,Aurora,AP.Bren,0.705415851635914,0,❌
17,0,2,1,0,0,AP.Bren,Aurora,Aurora,Aurora,0.42533762521681984,1,✅
17,0,3,1,1,1,Aurora,AP.Bren,Aurora,Aurora,0.6682488774823174,1,✅
17,0,1,0,0,0,Aurora,Team Liquid PH,Aurora,Team Liquid PH,0.5507661038665759,0,❌
17,0,2,1,0,0,Team Liquid PH,Aurora,Aurora,Team Liquid PH,0.4144428303099194,0,❌
17,0,1,0,0,0,AP.Bren,Omega Esports,Omega Esports,AP.Bren,0.45433325735960306,0,❌
17,0,2,0,1,0,Omega Esports,AP.Bren,Omega Esports,AP.Bren,0.5317871797864271,0,❌
17,0,1,0,0,0,Omega Esports,TNC Pro Team,TNC Pro Team,Omega Esports,0.44198693949042045,0,❌
17,0,2,0,1,0,TNC Pro Team,Omega Esports,TNC Pro Team,Omega Esports,0.550078100444028,0,❌
17,0,1,0,0,0,Team Liquid PH,ONIC PH,Team Liquid PH,Team Liquid PH,0.6544806487211923,1,✅
17,0,2,0,1,0,ONIC PH,Team Liquid PH,Team Liquid PH,Team Liquid PH,0.3976210200749603,1,✅
17,0,1,0,0,0,Twisted Minds PH,Omega Esports,Omega Esports,Twisted Minds PH,0.3980029435492347,0,❌
17,0,2,0,1,0,Omega Esports,Twisted Minds PH,Twisted Minds PH,Omega Esports,0.4613840898692635,0,❌
17,0,3,1,1,1,Twisted Minds PH,Omega Esports,Twisted Minds PH,Twisted Minds PH,0.502232109069635,1,✅
17,0,1,0,0,0,Team Falcons PH,Omega Esports,Omega Esports,Omega Esports,0.49114451464914965,1,✅
17,0,2,1,0,0,Omega Esports,Team Falcons PH,Team Falcons PH,Team Falcons PH,0.40007840145116214,1,✅
17,0,3,1,1,1,Team Falcons PH,Omega Esports,Team Falcons PH,Omega Esports,0.6486228916152149,0,❌
17,0,1,0,0,0,TNC Pro Team,ONIC PH,ONIC PH,ONIC PH,0.24552697071951435,1,✅
17,0,2,1,0,0,ONIC PH,TNC Pro Team,ONIC PH,ONIC PH,0.7376383154340528,1,✅
17,0,1,0,0,0,Omega Esports,Team Falcons PH,Team Falcons PH,Team Falcons PH,0.3322822259420257,1,✅
17,0,2,1,0,0,Team Falcons PH,Omega Esports,Team Falcons PH,Team Falcons PH,0.6671378579765074,1,✅
17,0,1,0,0,0,ONIC PH,Omega Esports,Omega Esports,ONIC PH,0.4794744688855878,0,❌
17,0,2,0,1,0,Omega Esports,ONIC PH,ONIC PH,Omega Esports,0.32990119490376457,0,❌
17,0,3,1,1,1,ONIC PH,Omega Esports,ONIC PH,ONIC PH,0.6012096931559737,1,✅
17,0,1,0,0,0,Aurora,Omega Esports,Aurora,Aurora,0.6644935595529627,1,✅
17,0,2,0,1,0,Omega Esports,Aurora,Aurora,Omega Esports,0.22488247414553014,0,❌
17,0,3,1,1,1,Aurora,Omega Esports,Aurora,Omega Esports,0.6005096799179162,0,❌
17,0,1,0,0,0,Team Falcons PH,TNC Pro Team,Team Falcons PH,Team Falcons PH,0.7204604613309266,1,✅
17,0,2,0,1,0,TNC Pro Team,Team Falcons PH,Team Falcons PH,Team Falcons PH,0.19115203021899613,1,✅
17,0,1,0,0,0,TNC Pro Team,Team Liquid PH,Team Liquid PH,Team Liquid PH,0.2088362221893384,1,✅
17,0,2,1,0,0,Team Liquid PH,TNC Pro Team,Team Liquid PH,Team Liquid PH,0.7147295913038668,1,✅
17,0,1,0,0,0,Aurora,ONIC PH,Aurora,Aurora,0.545935789512531,1,✅
17,0,2,0,1,0,ONIC PH,Aurora,ONIC PH,ONIC PH,0.5810120759654174,1,✅
17,0,3,1,1,1,Aurora,ONIC PH,Aurora,ONIC PH,0.5300243788368084,0,❌
17,0,1,0,0,0,Omega Esports,Aurora,Aurora,Omega Esports,0.24889760060419813,0,❌
17,0,2,0,1,0,Aurora,Omega Esports,Omega Esports,Aurora,0.48107957641749166,0,❌
17,0,3,1,1,1,Omega Esports,Aurora,Aurora,Aurora,0.47657351533826064,1,✅
17,0,1,0,0,0,Aurora,Twisted Minds PH,Aurora,Aurora,0.6854450156948438,1,✅
17,0,2,0,1,0,Twisted Minds PH,Aurora,Aurora,Twisted Minds PH,0.23943455294079685,0,❌
17,0,3,1,1,1,Aurora,Twisted Minds PH,Aurora,Twisted Minds PH,0.7098436392745674,0,❌
17,0,1,0,0,0,ONIC PH,AP.Bren,ONIC PH,ONIC PH,0.5795800725146432,1,✅
17,0,2,0,1,0,AP.Bren,ONIC PH,ONIC PH,ONIC PH,0.29997745440205315,1,✅
17,0,1,0,0,0,Omega Esports,ONIC PH,ONIC PH,ONIC PH,0.40268294450356557,1,✅
17,0,2,1,0,0,ONIC PH,Omega Esports,ONIC PH,ONIC PH,0.6840269735635691,1,✅
17,0,1,0,0,0,AP.Bren,Aurora,Aurora,Aurora,0.26024793455097933,1,✅
17,0,2,1,0,0,Aurora,AP.Bren,Aurora,Aurora,0.7886234071071827,1,✅
17,0,1,0,0,0,AP.Bren,ONIC PH,ONIC PH,ONIC PH,0.20283703094039052,1,✅
17,0,2,1,0,0,ONIC PH,AP.Bren,ONIC PH,ONIC PH,0.7640759500256753,1,✅
17,0,1,0,0,0,Twisted Minds PH,Team Liquid PH,Team Liquid PH,Team Liquid PH,0.21136100760723936,1,✅
17,0,2,1,0,0,Team Liquid PH,Twisted Minds PH,Team Liquid PH,Team Liquid PH,0.770843001400404,1,✅
17,0,1,0,0,0,ONIC PH,Team Liquid PH,Team Liquid PH,Team Liquid PH,0.4369575204217214,1,✅
17,0,2,1,0,0,Team Liquid PH,ONIC PH,Team Liquid PH,Team Liquid PH,0.6204683211596125,1,✅
17,0,1,0,0,0,TNC Pro Team,Omega Esports,Omega Esports,Omega Esports,0.3069865380978089,1,✅
17,0,2,1,0,0,Omega Esports,TNC Pro Team,Omega Esports,Omega Esports,0.5914641674015305,1,✅
17,0,1,0,0,0,ONIC PH,TNC Pro Team,ONIC PH,TNC Pro Team,0.6626376519666255,0,❌
17,0,2,1,0,0,TNC Pro Team,ONIC PH,ONIC PH,TNC Pro Team,0.3208073367837232,0,❌
17,0,1,0,0,0,TNC Pro Team,Twisted Minds PH,Twisted Minds PH,Twisted Minds PH,0.38714371667764497,1,✅
17,0,2,1,0,0,Twisted Minds PH,TNC Pro Team,Twisted Minds PH,TNC Pro Team,0.581612138231005,0,❌
17,0,3,1,1,1,TNC Pro Team,Twisted Minds PH,Twisted Minds PH,Twisted Minds PH,0.4931059348779386,1,✅
17,0,1,0,0,0,ONIC PH,Aurora,Aurora,ONIC PH,0.49811024648729757,0,❌
17,0,2,0,1,0,Aurora,ONIC PH,ONIC PH,ONIC PH,0.49472438500433846,1,✅
