id,season,team_name,players,staff
1,1,Obsidian Gaming,"[{""ign"": ""jeo"", ""role"": ""S""}, {""ign"": ""z4pnu"", ""role"": ""EXP Lane""}, {""ign"": ""dian"", ""role"": ""Gold Lane""}, {""ign"": ""pakbet"", ""role"": ""Middle""}, {""ign"": ""jeffqt4ever"", ""role"": ""Roamer""}, {""ign"": ""yolo"", ""role"": ""Roamer""}]",[]
2,1,Aether Main,"[{""ign"": ""666"", ""role"": ""S""}, {""ign"": ""coco"", ""role"": ""EXP Lane""}, {""ign"": ""pein"", ""role"": ""Gold Lane""}, {""ign"": ""yuji"", ""role"": ""Middle""}, {""ign"": ""yellyhaze"", ""role"": ""Roamer""}, {""ign"": ""ribo"", ""role"": ""Roamer""}]",[]
3,1,Aether Valkyrie,"[{""ign"": ""van"", ""role"": ""Roamer""}, {""ign"": ""kenji"", ""role"": ""EXP Lane""}, {""ign"": ""ognimod"", ""role"": ""Gold Lane""}, {""ign"": ""changu"", ""role"": ""Middle""}, {""ign"": ""l3bron"", ""role"": ""Roamer""}, {""ign"": ""ejhay"", ""role"": ""Roamer""}]",[]
4,1,Digital Devils Pro,"[{""ign"": ""bluffzy"", ""role"": ""S""}, {""ign"": ""yakou"", ""role"": ""EXP Lane""}, {""ign"": ""pheww"", ""role"": ""Gold Lane""}, {""ign"": ""eson"", ""role"": ""Middle""}, {""ign"": ""dee"", ""role"": ""Roamer""}, {""ign"": ""tets"", ""role"": ""Roamer""}]",[]
5,1,Obsidian Raven,"[{""ign"": ""s4ngmu"", ""role"": ""EXP Lane""}, {""ign"": ""alkaem"", ""role"": ""Gold Lane""}, {""ign"": ""s4gitnu"", ""role"": ""Middle""}, {""ign"": ""burning"", ""role"": ""Roamer""}, {""ign"": ""basha"", ""role"": ""Roamer""}]",[]
6,1,Invictus Godz,"[{""ign"": ""kirito"", ""role"": ""EXP Lane""}, {""ign"": ""vhen"", ""role"": ""Gold Lane""}, {""ign"": ""vmpire"", ""role"": ""Middle""}, {""ign"": ""vladimir"", ""role"": ""Roamer""}, {""ign"": ""helena"", ""role"": ""Roamer""}]",[]
7,1,Vicious & Delicious,"[{""ign"": ""kevv"", ""role"": ""EXP Lane""}, {""ign"": ""jep"", ""role"": ""Gold Lane""}, {""ign"": ""pauu"", ""role"": ""Middle""}, {""ign"": ""boss"", ""role"": ""Roamer""}, {""ign"": ""vino"", ""role"": ""Roamer""}]",[]
8,1,White Rascals,"[{""ign"": ""inuzaki"", ""role"": ""EXP Lane""}, {""ign"": ""gelido"", ""role"": ""Gold Lane""}, {""ign"": ""kaizoku"", ""role"": ""Middle""}, {""ign"": ""shingkalafu"", ""role"": ""Roamer""}, {""ign"": ""yasu"", ""role"": ""Roamer""}]",[]
9,1,Digital Devils No Limit,"[{""ign"": ""chico"", ""role"": ""EXP Lane""}, {""ign"": ""danielle"", ""role"": ""Gold Lane""}, {""ign"": ""jana"", ""role"": ""Middle""}, {""ign"": ""bitoy"", ""role"": ""Roamer""}, {""ign"": ""jieo"", ""role"": ""Roamer""}]",[]
10,1,Digital Devils Demon Kings,"[{""ign"": ""link"", ""role"": ""EXP Lane""}, {""ign"": ""yb420"", ""role"": ""Gold Lane""}, {""ign"": ""dysania"", ""role"": ""Middle""}, {""ign"": ""crypt"", ""role"": ""Roamer""}, {""ign"": ""pringles"", ""role"": ""Roamer""}]",[]
11,2,Execration,"[{""ign"": ""jeffqt4ever"", ""role"": ""EXP Lane""}, {""ign"": ""lard"", ""role"": ""Jungler""}, {""ign"": ""pakbet"", ""role"": ""Middle""}, {""ign"": ""z4pnu"", ""role"": ""Gold Lane""}, {""ign"": ""yolo"", ""role"": ""Roamer""}]",[]
12,2,AP.Bren,"[{""ign"": ""coco"", ""role"": ""S""}, {""ign"": ""pein"", ""role"": ""EXP Lane""}, {""ign"": ""ribo"", ""role"": ""Jungler""}, {""ign"": ""yuji"", ""role"": ""Middle""}, {""ign"": ""yellyhaze"", ""role"": ""Gold Lane""}, {""ign"": ""666"", ""role"": ""Roamer""}]",[]
13,2,Cignal Ultra,"[{""ign"": ""dysania"", ""role"": ""S""}, {""ign"": ""eson"", ""role"": ""EXP Lane""}, {""ign"": ""yakou"", ""role"": ""Jungler""}, {""ign"": ""dee"", ""role"": ""Middle""}, {""ign"": ""pheww"", ""role"": ""Gold Lane""}, {""ign"": ""tets"", ""role"": ""Roamer""}]",[]
14,2,ArkAngel Wicked Minds,"[{""ign"": ""exort"", ""role"": ""S""}, {""ign"": ""elle"", ""role"": ""EXP Lane""}, {""ign"": ""panda"", ""role"": ""Jungler""}, {""ign"": ""ryo"", ""role"": ""Middle""}, {""ign"": ""jaypee"", ""role"": ""Gold Lane""}, {""ign"": ""jay"", ""role"": ""Roamer""}]",[]
15,2,White Rascals,"[{""ign"": ""wreck"", ""role"": ""S""}, {""ign"": ""kenzu"", ""role"": ""EXP Lane""}, {""ign"": ""snow"", ""role"": ""Jungler""}, {""ign"": ""ramen"", ""role"": ""Middle""}, {""ign"": ""naith"", ""role"": ""Gold Lane""}, {""ign"": ""chalk"", ""role"": ""Roamer""}]",[]
16,2,SxC Imbalance,"[{""ign"": ""bon chon"", ""role"": ""S""}, {""ign"": ""dexter"", ""role"": ""EXP Lane""}, {""ign"": ""hon da"", ""role"": ""Jungler""}, {""ign"": ""ar chi"", ""role"": ""Middle""}, {""ign"": ""had ji"", ""role"": ""Gold Lane""}, {""ign"": ""ge dd"", ""role"": ""Roamer""}]",[]
17,2,HappyFeet,"[{""ign"": ""2yeon"", ""role"": ""S""}, {""ign"": ""yb420"", ""role"": ""EXP Lane""}, {""ign"": ""chimaie"", ""role"": ""Jungler""}, {""ign"": ""secret"", ""role"": ""Middle""}, {""ign"": ""shaiderqt"", ""role"": ""Gold Lane""}, {""ign"": ""pringles"", ""role"": ""Roamer""}]",[]
18,2,Aether Main,"[{""ign"": ""l3bron"", ""role"": ""EXP Lane""}, {""ign"": ""crypt"", ""role"": ""Jungler""}, {""ign"": ""kenji"", ""role"": ""Middle""}, {""ign"": ""changu"", ""role"": ""Gold Lane""}, {""ign"": ""ejhay"", ""role"": ""Roamer""}]",[]
19,2,Finesse Solid,"[{""ign"": ""dale"", ""role"": ""S""}, {""ign"": ""lex"", ""role"": ""EXP Lane""}, {""ign"": ""nick"", ""role"": ""Jungler""}, {""ign"": ""karltzy"", ""role"": ""Middle""}, {""ign"": ""levi"", ""role"": ""Gold Lane""}, {""ign"": ""boo"", ""role"": ""Roamer""}]",[]
20,2,ArkAngel Ownage,"[{""ign"": ""cktd"", ""role"": ""S""}, {""ign"": ""pauu"", ""role"": ""EXP Lane""}, {""ign"": ""lusty"", ""role"": ""Jungler""}, {""ign"": ""carbonara"", ""role"": ""Middle""}, {""ign"": ""lembot"", ""role"": ""Gold Lane""}, {""ign"": ""fuzaken"", ""role"": ""Roamer""}]",[]
21,3,Cignal Ultra,"[{""ign"": ""dysania"", ""role"": ""S""}, {""ign"": ""eson"", ""role"": ""EXP Lane""}, {""ign"": ""yakou"", ""role"": ""Jungler""}, {""ign"": ""dee"", ""role"": ""Middle""}, {""ign"": ""pheww"", ""role"": ""Gold Lane""}, {""ign"": ""tets"", ""role"": ""Roamer""}]",[]
22,3,AP.Bren,"[{""ign"": ""coco"", ""role"": ""S""}, {""ign"": ""pein"", ""role"": ""EXP Lane""}, {""ign"": ""ribo"", ""role"": ""Jungler""}, {""ign"": ""yuji"", ""role"": ""Middle""}, {""ign"": ""yellyhaze"", ""role"": ""Gold Lane""}, {""ign"": ""ejhay"", ""role"": ""Roamer""}]",[]
23,3,SGD Omega,"[{""ign"": ""dale"", ""role"": ""S""}, {""ign"": ""lex"", ""role"": ""EXP Lane""}, {""ign"": ""ivan"", ""role"": ""Jungler""}, {""ign"": ""karltzy"", ""role"": ""Middle""}, {""ign"": ""levi"", ""role"": ""Gold Lane""}, {""ign"": ""heath"", ""role"": ""Roamer""}]",[]
24,3,EVOS Esports PH,"[{""ign"": ""had ji"", ""role"": ""S""}, {""ign"": ""dexter"", ""role"": ""EXP Lane""}, {""ign"": ""hon da"", ""role"": ""Jungler""}, {""ign"": ""ar chi"", ""role"": ""Middle""}, {""ign"": ""doof en"", ""role"": ""Gold Lane""}, {""ign"": ""bon chon"", ""role"": ""Roamer""}]",[]
25,3,Aether Atlas,"[{""ign"": ""luwe"", ""role"": ""S""}, {""ign"": ""l3bron"", ""role"": ""EXP Lane""}, {""ign"": ""crypt"", ""role"": ""Jungler""}, {""ign"": ""kenji"", ""role"": ""Middle""}, {""ign"": ""changu"", ""role"": ""Gold Lane""}, {""ign"": ""ognimod"", ""role"": ""Roamer""}]",[]
26,3,Execration,"[{""ign"": ""toshiro"", ""role"": ""S""}, {""ign"": ""dian"", ""role"": ""EXP Lane""}, {""ign"": ""lard"", ""role"": ""Jungler""}, {""ign"": ""pakbet"", ""role"": ""Middle""}, {""ign"": ""z4pnu"", ""role"": ""Gold Lane""}, {""ign"": ""e2max"", ""role"": ""Roamer""}]",[]
27,3,Ownage,"[{""ign"": ""exort"", ""role"": ""S""}, {""ign"": ""pauu"", ""role"": ""EXP Lane""}, {""ign"": ""cktd"", ""role"": ""Jungler""}, {""ign"": ""beemo"", ""role"": ""Middle""}, {""ign"": ""lembot"", ""role"": ""Gold Lane""}, {""ign"": ""fuzaken"", ""role"": ""Roamer""}]",[]
28,3,ArkAngel,"[{""ign"": ""fits kyun"", ""role"": ""S""}, {""ign"": ""panda"", ""role"": """"}, {""ign"": ""killuash"", ""role"": ""EXP Lane""}, {""ign"": ""lusty"", ""role"": ""Jungler""}, {""ign"": ""ryo"", ""role"": ""Middle""}, {""ign"": ""jeffqt4ever"", ""role"": ""Gold Lane""}, {""ign"": ""jay"", ""role"": ""Roamer""}]",[]
29,3,No Limit,"[{""ign"": ""chico"", ""role"": ""S""}, {""ign"": ""kielvj"", ""role"": ""EXP Lane""}, {""ign"": ""emem"", ""role"": ""Jungler""}, {""ign"": ""skyy"", ""role"": ""Middle""}, {""ign"": ""jaypee"", ""role"": ""Gold Lane""}, {""ign"": ""rafflesia"", ""role"": ""Roamer""}]",[]
30,3,Finesse Phoenix,"[{""ign"": ""dazz"", ""role"": ""S""}, {""ign"": ""wave"", ""role"": ""EXP Lane""}, {""ign"": ""tian"", ""role"": ""Jungler""}, {""ign"": ""dain"", ""role"": ""Middle""}, {""ign"": ""touch"", ""role"": ""Gold Lane""}, {""ign"": ""russ"", ""role"": ""Roamer""}]",[]
31,4,Cignal Ultra,"[{""ign"": ""dysania"", ""role"": ""S""}, {""ign"": ""eson"", ""role"": ""EXP Lane""}, {""ign"": ""yakou"", ""role"": ""Jungler""}, {""ign"": ""dee"", ""role"": ""Middle""}, {""ign"": ""pheww"", ""role"": ""Gold Lane""}, {""ign"": ""tets"", ""role"": ""Roamer""}]",[]
32,4,AP.Bren,"[{""ign"": ""coco"", ""role"": ""S""}, {""ign"": ""teng"", ""role"": ""EXP Lane""}, {""ign"": ""ribo"", ""role"": ""Jungler""}, {""ign"": ""yuji"", ""role"": ""Middle""}, {""ign"": ""yellyhaze"", ""role"": ""Gold Lane""}, {""ign"": ""ejhay"", ""role"": ""Roamer""}]",[]
33,4,SGD Omega,"[{""ign"": ""ivan"", ""role"": ""S""}, {""ign"": ""kenji"", ""role"": ""EXP Lane""}, {""ign"": ""crypzu"", ""role"": ""Jungler""}, {""ign"": ""karltzy"", ""role"": ""Middle""}, {""ign"": ""toshinu"", ""role"": ""Gold Lane""}, {""ign"": ""heath"", ""role"": ""Roamer""}]",[]
34,4,EVOS Esports PH,"[{""ign"": ""had ji"", ""role"": ""S""}, {""ign"": ""dexter"", ""role"": ""EXP Lane""}, {""ign"": ""hon da"", ""role"": ""Jungler""}, {""ign"": ""kil ler"", ""role"": ""Middle""}, {""ign"": ""doof en"", ""role"": ""Gold Lane""}, {""ign"": ""bon chon"", ""role"": ""Roamer""}]",[]
35,4,Execration,"[{""ign"": ""dian"", ""role"": ""S""}, {""ign"": ""hate"", ""role"": """"}, {""ign"": ""ch4knu"", ""role"": ""EXP Lane""}, {""ign"": ""s4gitnu"", ""role"": ""Jungler""}, {""ign"": ""pakbet"", ""role"": ""Middle""}, {""ign"": ""z4pnu"", ""role"": ""Gold Lane""}, {""ign"": ""cyre"", ""role"": ""Roamer""}]",[]
36,4,Ownage,"[{""ign"": ""nicssu"", ""role"": ""EXP Lane""}, {""ign"": ""cktd"", ""role"": ""Jungler""}, {""ign"": ""beemo"", ""role"": ""Middle""}, {""ign"": ""lembot"", ""role"": ""Gold Lane""}, {""ign"": ""inyel"", ""role"": ""Roamer""}]",[]
37,4,ArkAngel,"[{""ign"": ""e2max"", ""role"": ""S""}, {""ign"": ""panda"", ""role"": """"}, {""ign"": ""killuash"", ""role"": ""EXP Lane""}, {""ign"": ""lusty"", ""role"": ""Jungler""}, {""ign"": ""ryo"", ""role"": ""Middle""}, {""ign"": ""jeffqt4ever"", ""role"": ""Gold Lane""}, {""ign"": ""jay"", ""role"": ""Roamer""}]",[]
38,4,Sunsparks,"[{""ign"": ""eskii"", ""role"": ""S""}, {""ign"": ""kielvj"", ""role"": ""EXP Lane""}, {""ign"": ""rafflesia"", ""role"": ""Jungler""}, {""ign"": ""renzio"", ""role"": ""Middle""}, {""ign"": ""jaypee"", ""role"": ""Gold Lane""}, {""ign"": ""fuzaken"", ""role"": ""Roamer""}]",[]
39,4,Geek Fam PH,"[{""ign"": ""jieo"", ""role"": ""S""}, {""ign"": ""ynot"", ""role"": ""EXP Lane""}, {""ign"": ""kurttzy"", ""role"": ""Jungler""}, {""ign"": ""kingpin"", ""role"": ""Middle""}, {""ign"": ""escanor"", ""role"": ""Gold Lane""}, {""ign"": ""dokmen"", ""role"": ""Roamer""}]",[]
40,4,ONIC PH,"[{""ign"": ""greed"", ""role"": ""S""}, {""ign"": ""dlar"", ""role"": ""EXP Lane""}, {""ign"": ""zico"", ""role"": ""Jungler""}, {""ign"": ""wise"", ""role"": ""Middle""}, {""ign"": ""iy4knu"", ""role"": ""Gold Lane""}, {""ign"": ""ohmyv33nus"", ""role"": ""Roamer""}]",[]
41,5,Sunsparks,"[{""ign"": ""renzio"", ""role"": ""EXP Lane""}, {""ign"": ""arcadia"", ""role"": """"}, {""ign"": ""killuash"", ""role"": ""EXP Lane""}, {""ign"": ""kielvj"", ""role"": ""Middle""}, {""ign"": ""jaypee"", ""role"": ""Gold Lane""}, {""ign"": ""greed"", ""role"": ""Roamer""}, {""ign"": ""rafflesia"", ""role"": ""Roamer""}]",[]
42,5,ONIC Esports PH,"[{""ign"": ""fuzaken"", ""role"": ""Roamer""}, {""ign"": ""ryo"", ""role"": """"}, {""ign"": ""dlar"", ""role"": ""EXP Lane""}, {""ign"": ""wise"", ""role"": ""Middle""}, {""ign"": ""iy4knu"", ""role"": ""Gold Lane""}, {""ign"": ""jay"", ""role"": ""Roamer""}, {""ign"": ""ohmyv33nus"", ""role"": ""Roamer""}]",[]
43,5,SGD Omega,"[{""ign"": ""nina"", ""role"": ""S""}, {""ign"": ""dale"", ""role"": """"}, {""ign"": ""kenji"", ""role"": ""EXP Lane""}, {""ign"": ""hadjizy"", ""role"": ""Middle""}, {""ign"": ""toshinu"", ""role"": ""Gold Lane""}, {""ign"": ""haze"", ""role"": ""Roamer""}, {""ign"": ""heath"", ""role"": ""Roamer""}]",[]
44,5,Execration,"[{""ign"": ""cyre"", ""role"": ""Roamer""}, {""ign"": ""yolo"", ""role"": """"}, {""ign"": ""z4pnu"", ""role"": ""EXP Lane""}, {""ign"": ""hate"", ""role"": ""Middle""}, {""ign"": ""bennyqt"", ""role"": ""Gold Lane""}, {""ign"": ""hatred"", ""role"": ""Roamer""}, {""ign"": ""e2max"", ""role"": ""Roamer""}]",[]
45,5,AP.Bren,"[{""ign"": ""ejhay"", ""role"": ""S""}, {""ign"": ""duckeyyy"", ""role"": """"}, {""ign"": ""coco"", ""role"": ""EXP Lane""}, {""ign"": ""karltzy"", ""role"": ""Middle""}, {""ign"": ""pheww"", ""role"": ""Gold Lane""}, {""ign"": ""lastii"", ""role"": ""Roamer""}, {""ign"": ""ribo"", ""role"": ""Roamer""}]",[]
46,5,Geek Fam PH,"[{""ign"": ""ynot"", ""role"": ""Roamer""}, {""ign"": ""s4gitnu"", ""role"": ""EXP Lane""}, {""ign"": ""exort"", ""role"": ""Middle""}, {""ign"": ""kurttzy"", ""role"": ""Gold Lane""}, {""ign"": ""cktd"", ""role"": ""Roamer""}, {""ign"": ""jieo"", ""role"": ""Roamer""}]",[]
47,5,STI e-Olympians,"[{""ign"": ""crypzu"", ""role"": ""Gold Lane""}, {""ign"": ""nicssu"", ""role"": ""EXP Lane""}, {""ign"": ""yuji"", ""role"": ""Middle""}, {""ign"": ""lembot"", ""role"": ""Gold Lane""}, {""ign"": ""dokmen"", ""role"": ""Roamer""}, {""ign"": ""lard"", ""role"": ""Roamer""}]",[]
48,5,Blacklist Intl.,"[{""ign"": ""riddler"", ""role"": ""Middle""}, {""ign"": ""bon chan"", ""role"": """"}, {""ign"": ""kil ler"", ""role"": ""EXP Lane""}, {""ign"": ""aqua"", ""role"": ""Middle""}, {""ign"": ""edward"", ""role"": ""Gold Lane""}, {""ign"": ""dexter"", ""role"": ""Roamer""}, {""ign"": ""hon da"", ""role"": ""Roamer""}]",[]
49,5,ULVL,"[{""ign"": ""basic"", ""role"": ""Middle""}, {""ign"": ""escanor"", ""role"": ""EXP Lane""}, {""ign"": ""sdzyz"", ""role"": ""Middle""}, {""ign"": ""secret"", ""role"": ""Gold Lane""}, {""ign"": ""deb"", ""role"": ""Roamer""}, {""ign"": ""unseen"", ""role"": ""Roamer""}]",[]
50,5,BSB,"[{""ign"": ""kap wan"", ""role"": ""Roamer""}, {""ign"": ""wilson"", ""role"": ""EXP Lane""}, {""ign"": ""jeraxnu"", ""role"": ""Middle""}, {""ign"": ""shaiderqt"", ""role"": ""Gold Lane""}, {""ign"": ""sman"", ""role"": ""Roamer""}, {""ign"": ""trebor"", ""role"": ""Roamer""}]",[]
51,6,Aurora,"[{""ign"": ""renzio"", ""role"": ""EXP Lane""}, {""ign"": ""arcadia"", ""role"": """"}, {""ign"": ""killuash"", ""role"": ""EXP Lane""}, {""ign"": ""jaypee"", ""role"": ""Jungler""}, {""ign"": ""greed"", ""role"": ""Middle""}, {""ign"": ""kielvj"", ""role"": ""Gold Lane""}, {""ign"": ""rafflesia"", ""role"": ""Roamer""}]",[]
52,6,Onic Philippines,"[{""ign"": ""basic"", ""role"": ""Jungler""}, {""ign"": ""ryo"", ""role"": """"}, {""ign"": ""wolf"", ""role"": """"}, {""ign"": ""dlar"", ""role"": ""EXP Lane""}, {""ign"": ""wise"", ""role"": ""Jungler""}, {""ign"": ""ohmyv33nus"", ""role"": ""Middle""}, {""ign"": ""iy4knu"", ""role"": ""Gold Lane""}, {""ign"": ""jay"", ""role"": ""Roamer""}]",[]
53,6,AP.Bren,"[{""ign"": ""ejhay"", ""role"": ""Roamer""}, {""ign"": ""duckeyyy"", ""role"": """"}, {""ign"": ""flaptzy"", ""role"": ""EXP Lane""}, {""ign"": ""karltzy"", ""role"": ""Jungler""}, {""ign"": ""pheww"", ""role"": ""Middle""}, {""ign"": ""ribo"", ""role"": ""Gold Lane""}, {""ign"": ""lusty"", ""role"": ""Roamer""}]",[]
54,6,Execration,"[{""ign"": ""z4pnu"", ""role"": ""EXP Lane""}, {""ign"": ""cyre"", ""role"": """"}, {""ign"": ""s4gitnu"", ""role"": ""EXP Lane""}, {""ign"": ""hate"", ""role"": ""Jungler""}, {""ign"": ""e2max"", ""role"": ""Middle""}, {""ign"": ""bennyqt"", ""role"": ""Gold Lane""}, {""ign"": ""ch4knu"", ""role"": ""Roamer""}]",[]
55,6,Omega Esports,"[{""ign"": ""kenji"", ""role"": ""EXP Lane""}, {""ign"": ""dale"", ""role"": """"}, {""ign"": ""toshinu"", ""role"": ""EXP Lane""}, {""ign"": ""hadjizy"", ""role"": ""Jungler""}, {""ign"": ""haze"", ""role"": ""Middle""}, {""ign"": ""kurttzy"", ""role"": ""Gold Lane""}, {""ign"": ""heath"", ""role"": ""Roamer""}]",[]
56,6,Blacklist Intl.,"[{""ign"": ""dexter"", ""role"": ""Middle""}, {""ign"": ""bon chan"", ""role"": """"}, {""ign"": ""kil ler"", ""role"": ""EXP Lane""}, {""ign"": ""kairi"", ""role"": ""Jungler""}, {""ign"": ""edward"", ""role"": ""Middle""}, {""ign"": ""aqua"", ""role"": ""Gold Lane""}, {""ign"": ""eson"", ""role"": ""Roamer""}]",[]
57,6,BnK Blufire,"[{""ign"": ""crypzu"", ""role"": ""Roamer""}, {""ign"": ""jeffqt4ever"", ""role"": """"}, {""ign"": ""secret"", ""role"": ""EXP Lane""}, {""ign"": ""sdzyz"", ""role"": ""Jungler""}, {""ign"": ""unseen"", ""role"": ""Middle""}, {""ign"": ""aaronqt"", ""role"": ""Gold Lane""}, {""ign"": ""fuzaken"", ""role"": ""Roamer""}]",[]
58,6,BSB,"[{""ign"": ""shaiderqt"", ""role"": ""EXP Lane""}, {""ign"": ""wilson"", ""role"": ""EXP Lane""}, {""ign"": ""drixx"", ""role"": ""Jungler""}, {""ign"": ""trebor"", ""role"": ""Middle""}, {""ign"": ""ana"", ""role"": ""Gold Lane""}, {""ign"": ""kap wan"", ""role"": ""Roamer""}]",[]
59,6,Cignal Ultra,"[{""ign"": ""yeb"", ""role"": ""Middle""}, {""ign"": ""serein"", ""role"": """"}, {""ign"": ""rhea"", ""role"": ""EXP Lane""}, {""ign"": ""hadess"", ""role"": ""Jungler""}, {""ign"": ""imbadeejay"", ""role"": ""Middle""}, {""ign"": ""tsujin"", ""role"": ""Gold Lane""}, {""ign"": ""bensanity"", ""role"": ""Roamer""}]",[]
60,6,Nexplay EVOS,"[{""ign"": ""jimnest"", ""role"": ""Roamer""}, {""ign"": ""yolo"", ""role"": """"}, {""ign"": ""mb"", ""role"": ""EXP Lane""}, {""ign"": ""h2wo"", ""role"": ""Jungler""}, {""ign"": ""chester"", ""role"": ""Middle""}, {""ign"": ""renejay"", ""role"": ""Gold Lane""}, {""ign"": ""yawi"", ""role"": ""Roamer""}]",[]
61,7,Aurora,"[{""ign"": ""rafflesia"", ""role"": ""EXP Lane""}, {""ign"": ""arcadia"", ""role"": """"}, {""ign"": ""killuash"", ""role"": ""EXP Lane""}, {""ign"": ""hadess"", ""role"": ""Jungler""}, {""ign"": ""greed"", ""role"": ""Middle""}, {""ign"": ""bennyqt"", ""role"": ""Gold Lane""}, {""ign"": ""jaypee"", ""role"": ""Roamer""}]",[]
62,7,ONIC PH,"[{""ign"": ""markyyyyy"", ""role"": ""Gold Lane""}, {""ign"": ""ryo"", ""role"": """"}, {""ign"": ""wolf"", ""role"": """"}, {""ign"": ""dlar"", ""role"": ""EXP Lane""}, {""ign"": ""hate"", ""role"": ""Jungler""}, {""ign"": ""kairi"", ""role"": ""Middle""}, {""ign"": ""iy4knu"", ""role"": ""Gold Lane""}, {""ign"": ""jay"", ""role"": ""Roamer""}]",[]
63,7,AP.Bren,"[{""ign"": ""ejhay"", ""role"": ""Roamer""}, {""ign"": ""ducky"", ""role"": """"}, {""ign"": ""flaptzy"", ""role"": ""EXP Lane""}, {""ign"": ""karltzy"", ""role"": ""Jungler""}, {""ign"": ""pheww"", ""role"": ""Middle""}, {""ign"": ""ribo"", ""role"": ""Gold Lane""}, {""ign"": ""lusty"", ""role"": ""Roamer""}]",[]
64,7,Execration,"[{""ign"": ""z4pnu"", ""role"": ""EXP Lane""}, {""ign"": ""pakbet"", ""role"": """"}, {""ign"": ""renzio"", ""role"": ""EXP Lane""}, {""ign"": ""kielvj"", ""role"": ""Jungler""}, {""ign"": ""e2max"", ""role"": ""Middle""}, {""ign"": ""kelra"", ""role"": ""Gold Lane""}, {""ign"": ""ch4knu"", ""role"": ""Roamer""}]",[]
65,7,Omega Esports,"[{""ign"": ""haze"", ""role"": ""Roamer""}, {""ign"": ""ynot"", ""role"": """"}, {""ign"": ""kenji"", ""role"": ""EXP Lane""}, {""ign"": ""hadjizy"", ""role"": ""Jungler""}, {""ign"": ""kurttzy"", ""role"": ""Middle""}, {""ign"": ""toshi"", ""role"": ""Gold Lane""}, {""ign"": ""heath"", ""role"": ""Roamer""}]",[]
66,7,Blacklist Intl.,"[{""ign"": ""dex star"", ""role"": ""Roamer""}, {""ign"": ""bon chan"", ""role"": """"}, {""ign"": ""edward"", ""role"": ""EXP Lane""}, {""ign"": ""wise"", ""role"": ""Jungler""}, {""ign"": ""ohmyv33nus"", ""role"": ""Middle""}, {""ign"": ""oheb"", ""role"": ""Gold Lane""}, {""ign"": ""eson"", ""role"": ""Roamer""}]",[]
67,7,Cignal Ultra,"[{""ign"": ""imbadeejay"", ""role"": ""Middle""}, {""ign"": ""yeb"", ""role"": """"}, {""ign"": ""rhea"", ""role"": ""EXP Lane""}, {""ign"": ""janus"", ""role"": ""Jungler""}, {""ign"": ""kekedot"", ""role"": ""Middle""}, {""ign"": ""aqua"", ""role"": ""Gold Lane""}, {""ign"": ""bensanity"", ""role"": ""Roamer""}]",[]
68,7,Nexplay EVOS,"[{""ign"": ""lancecy"", ""role"": ""Middle""}, {""ign"": ""dogie"", ""role"": ""S""}, {""ign"": ""jeymz"", ""role"": ""EXP Lane""}, {""ign"": ""h2wo"", ""role"": ""Jungler""}, {""ign"": ""exort"", ""role"": ""Middle""}, {""ign"": ""renejay"", ""role"": ""Gold Lane""}, {""ign"": ""yawi"", ""role"": ""Roamer""}]",[]
69,7,Work-Auster Force,"[{""ign"": ""moht"", ""role"": ""Roamer""}, {""ign"": ""lift"", ""role"": """"}, {""ign"": ""3martzy"", ""role"": ""EXP Lane""}, {""ign"": ""sdzyz"", ""role"": ""Jungler""}, {""ign"": ""rtzy"", ""role"": ""Middle""}, {""ign"": ""kousei"", ""role"": ""Gold Lane""}, {""ign"": ""light"", ""role"": ""Roamer""}]",[]
70,7,PlayBook Esports,"[{""ign"": ""yakou"", ""role"": ""Flex""}, {""ign"": ""panda"", ""role"": """"}, {""ign"": ""ryota"", ""role"": ""EXP Lane""}, {""ign"": ""aspect"", ""role"": ""Jungler""}, {""ign"": ""arvs"", ""role"": ""Middle""}, {""ign"": ""jake the dog"", ""role"": ""Gold Lane""}, {""ign"": ""beemo"", ""role"": ""Roamer""}]",[]
71,8,Blacklist Intl.,"[{""ign"": ""dex star"", ""role"": ""Middle""}, {""ign"": ""eson"", ""role"": ""Roamer""}, {""ign"": ""bon chan"", ""role"": """"}, {""ign"": ""edward"", ""role"": ""EXP Lane""}, {""ign"": ""wise"", ""role"": ""Jungler""}, {""ign"": ""ohmyv33nus"", ""role"": ""Middle""}, {""ign"": ""oheb"", ""role"": ""Gold Lane""}, {""ign"": ""hadji"", ""role"": ""Roamer""}]",[]
72,8,AP.Bren,"[{""ign"": ""l3bron"", ""role"": ""Jungler""}, {""ign"": ""lord malikk"", ""role"": ""Jungler""}, {""ign"": ""rimuru"", ""role"": ""Jungler""}, {""ign"": ""coco"", ""role"": ""Gold Lane""}, {""ign"": ""ejhay"", ""role"": ""Roamer""}, {""ign"": ""duckeyyy"", ""role"": """"}, {""ign"": ""flaptzy"", ""role"": ""EXP Lane""}, {""ign"": ""karltzy"", ""role"": ""Jungler""}, {""ign"": ""pheww"", ""role"": ""Middle""}, {""ign"": ""ribo"", ""role"": ""Gold Lane""}, {""ign"": ""lusty"", ""role"": ""Roamer""}]",[]
73,8,Team Liquid PH,"[{""ign"": ""invoker"", ""role"": ""EXP Lane""}, {""ign"": ""aspect"", ""role"": ""Jungler""}, {""ign"": ""aaronqt"", ""role"": ""Middle""}, {""ign"": ""jaymeister"", ""role"": ""Roamer""}, {""ign"": ""flysolo"", ""role"": ""Roamer""}, {""ign"": ""dale"", ""role"": """"}, {""ign"": ""arcadia"", ""role"": """"}, {""ign"": ""kurttzy"", ""role"": ""EXP Lane""}, {""ign"": ""hadess"", ""role"": ""Jungler""}, {""ign"": ""rk3"", ""role"": ""Middle""}, {""ign"": ""bennyqt"", ""role"": ""Gold Lane""}, {""ign"": ""rafflesia"", ""role"": ""Roamer""}]",[]
74,8,Nexplay EVOS,"[{""ign"": ""sanford"", ""role"": ""EXP Lane""}, {""ign"": ""jeymz"", ""role"": ""EXP Lane""}, {""ign"": ""dogie"", ""role"": ""Roamer""}, {""ign"": ""zico"", ""role"": """"}, {""ign"": ""midnight"", ""role"": """"}, {""ign"": ""renejay"", ""role"": ""EXP Lane""}, {""ign"": ""h2wo"", ""role"": ""Jungler""}, {""ign"": ""yellyhaze"", ""role"": ""Middle""}, {""ign"": ""hesa"", ""role"": ""Gold Lane""}, {""ign"": ""yawi"", ""role"": ""Roamer""}]",[]
75,8,Omega Esports,"[{""ign"": ""allidap"", ""role"": ""EXP Lane""}, {""ign"": ""kielvj"", ""role"": ""Jungler""}, {""ign"": ""dian"", ""role"": ""Middle""}, {""ign"": ""hito"", ""role"": ""Gold Lane""}, {""ign"": ""z4pnu"", ""role"": ""Roamer""}, {""ign"": ""pakbet"", ""role"": """"}, {""ign"": ""renzio"", ""role"": ""EXP Lane""}, {""ign"": ""raizen"", ""role"": ""Jungler""}, {""ign"": ""e2max"", ""role"": ""Middle""}, {""ign"": ""kelra"", ""role"": ""Gold Lane""}, {""ign"": ""ch4knu"", ""role"": ""Roamer""}]",[]
76,8,Onic Philippines,"[{""ign"": ""ryota"", ""role"": ""EXP Lane""}, {""ign"": ""hate"", ""role"": ""Gold Lane""}, {""ign"": ""micophobia"", ""role"": ""Roamer""}, {""ign"": ""yeb"", ""role"": """"}, {""ign"": ""wolf"", ""role"": """"}, {""ign"": ""dlarskie"", ""role"": ""EXP Lane""}, {""ign"": ""kairi"", ""role"": ""Jungler""}, {""ign"": ""baloyskie"", ""role"": ""Middle""}, {""ign"": ""markyyyyy"", ""role"": ""Gold Lane""}, {""ign"": ""beemo"", ""role"": ""Roamer""}]",[]
77,8,RSG PH,"[{""ign"": ""kenji"", ""role"": ""EXP Lane""}, {""ign"": ""emann"", ""role"": ""Jungler""}, {""ign"": ""wrecker"", ""role"": ""Middle""}, {""ign"": ""exort"", ""role"": ""Gold Lane""}, {""ign"": ""panda"", ""role"": """"}, {""ign"": ""nathzz"", ""role"": ""EXP Lane""}, {""ign"": ""demonkite"", ""role"": ""Jungler""}, {""ign"": ""aqua"", ""role"": ""Middle""}, {""ign"": ""iy4knu"", ""role"": ""Gold Lane""}, {""ign"": ""heath"", ""role"": ""Roamer""}]",[]
78,8,TNC Pro Team,"[{""ign"": ""der"", ""role"": ""EXP Lane""}, {""ign"": ""imbadeejay"", ""role"": ""Middle""}, {""ign"": ""kousei"", ""role"": ""Gold Lane""}, {""ign"": ""benthings"", ""role"": ""Roamer""}, {""ign"": ""lift"", ""role"": """"}, {""ign"": ""3martzy"", ""role"": ""EXP Lane""}, {""ign"": ""sdzyz"", ""role"": ""Jungler""}, {""ign"": ""rtzy"", ""role"": ""Middle""}, {""ign"": ""toshi"", ""role"": ""Gold Lane""}, {""ign"": ""light"", ""role"": ""Roamer""}]",[]
79,9,Blacklist Intl.,"[{""ign"": ""eson"", ""role"": ""Roamer""}, {""ign"": ""bon chan"", ""role"": """"}, {""ign"": ""dex star"", ""role"": """"}, {""ign"": ""edward"", ""role"": ""EXP Lane""}, {""ign"": ""kevier"", ""role"": ""Jungler""}, {""ign"": ""hadji"", ""role"": ""Middle""}, {""ign"": ""oheb"", ""role"": ""Gold Lane""}]","[{""ign"": ""Master the Basics"", ""role"": ""Assistant Coach""}]"
80,9,AP.Bren,"[{""ign"": ""pandora"", ""role"": ""EXP Lane""}, {""ign"": ""lord malikk"", ""role"": ""Jungler""}, {""ign"": ""stowm"", ""role"": ""Middle""}, {""ign"": ""jowm"", ""role"": ""Gold Lane""}, {""ign"": ""lusty"", ""role"": ""Roamer""}, {""ign"": ""duckeyyy"", ""role"": """"}, {""ign"": ""flaptzy"", ""role"": ""EXP Lane""}, {""ign"": ""saxa"", ""role"": ""Jungler""}, {""ign"": ""pheww"", ""role"": ""Middle""}, {""ign"": ""super marco"", ""role"": ""Gold Lane""}, {""ign"": ""joy boy"", ""role"": ""Roamer""}]","[{""ign"": ""Pauloxpert"", ""role"": ""Assistant Coach""}]"
81,9,Team Liquid PH,"[{""ign"": ""rafflesia"", ""role"": ""Roamer""}, {""ign"": ""hadess"", ""role"": ""Jungler""}, {""ign"": ""aaronqt"", ""role"": ""Middle""}, {""ign"": ""rk3"", ""role"": ""Middle""}, {""ign"": ""killuash"", ""role"": ""EXP Lane""}, {""ign"": ""arcadia"", ""role"": """"}, {""ign"": ""3martzy"", ""role"": ""EXP Lane""}, {""ign"": ""karltzy"", ""role"": ""Jungler""}, {""ign"": ""kurttzy"", ""role"": ""Middle""}, {""ign"": ""bennyqt"", ""role"": ""Gold Lane""}, {""ign"": ""yawi"", ""role"": ""Roamer""}]",[]
82,9,Nexplay EVOS,"[{""ign"": ""ureshiii"", ""role"": ""EXP Lane""}, {""ign"": ""mp the king"", ""role"": ""Jungler""}, {""ign"": ""elpizo"", ""role"": ""Middle""}, {""ign"": ""hesa"", ""role"": ""Gold Lane""}, {""ign"": ""cadenza"", ""role"": ""Roamer""}, {""ign"": ""zico"", ""role"": """"}, {""ign"": ""dogie"", ""role"": """"}, {""ign"": ""s4gitnu"", ""role"": ""EXP Lane""}, {""ign"": ""h2wo"", ""role"": ""Jungler""}, {""ign"": ""yellyhaze"", ""role"": ""Middle""}, {""ign"": ""donut"", ""role"": ""Gold Lane""}, {""ign"": ""renejay"", ""role"": ""Roamer""}]",[]
83,9,Omega Esports,"[{""ign"": ""z4pnu"", ""role"": ""EXP Lane""}, {""ign"": ""kielvj"", ""role"": ""Jungler""}, {""ign"": ""amethyst"", ""role"": ""Middle""}, {""ign"": ""outplayed"", ""role"": ""Gold Lane""}, {""ign"": ""allidap"", ""role"": ""EXP Lane""}, {""ign"": ""p4kbet"", ""role"": """"}, {""ign"": ""ynot"", ""role"": """"}, {""ign"": ""renzio"", ""role"": ""EXP Lane""}, {""ign"": ""raizen"", ""role"": ""Jungler""}, {""ign"": ""e2max"", ""role"": ""Middle""}, {""ign"": ""kelra"", ""role"": ""Gold Lane""}, {""ign"": ""ch4knu"", ""role"": ""Roamer""}]",[]
84,9,Onic Philippines,"[{""ign"": ""ryota"", ""role"": ""EXP Lane""}, {""ign"": ""beemo"", ""role"": ""Roamer""}, {""ign"": ""micophobia"", ""role"": ""Roamer""}, {""ign"": ""yeb"", ""role"": """"}, {""ign"": ""dlar"", ""role"": ""EXP Lane""}, {""ign"": ""kairi"", ""role"": ""Jungler""}, {""ign"": ""hatred"", ""role"": ""Middle""}, {""ign"": ""markyyyyy"", ""role"": ""Gold Lane""}, {""ign"": ""baloyskie"", ""role"": ""Roamer""}]","[{""ign"": ""Bluffzy"", ""role"": ""Assistant Coach""}]"
85,9,RSG PH,"[{""ign"": ""kenji"", ""role"": ""EXP Lane""}, {""ign"": ""kousei"", ""role"": ""Gold Lane""}, {""ign"": ""exort"", ""role"": ""Middle""}, {""ign"": ""wrecker"", ""role"": ""Middle""}, {""ign"": ""heath"", ""role"": ""Roamer""}, {""ign"": ""panda"", ""role"": """"}, {""ign"": ""nathzz"", ""role"": ""EXP Lane""}, {""ign"": ""demonkite"", ""role"": ""Jungler""}, {""ign"": ""aqua"", ""role"": ""Middle""}, {""ign"": ""emann"", ""role"": ""Gold Lane""}, {""ign"": ""light"", ""role"": ""Roamer""}]","[{""ign"": ""Giee"", ""role"": ""Assistant Coach""}]"
86,9,TNC Pro Team,"[{""ign"": ""kingsalman"", ""role"": ""Jungler""}, {""ign"": ""vrendon lin"", ""role"": """"}, {""ign"": ""kramm"", ""role"": ""EXP Lane""}, {""ign"": ""sdzyz"", ""role"": ""Jungler""}, {""ign"": ""escalera"", ""role"": ""Middle""}, {""ign"": ""yasuwo"", ""role"": ""Gold Lane""}, {""ign"": ""benthings"", ""role"": ""Roamer""}]","[{""ign"": ""Scholar"", ""role"": ""Assistant Coach""}]"
87,10,Blacklist Intl.,"[{""ign"": ""kevier"", ""role"": ""Jungler""}, {""ign"": ""eson"", ""role"": ""Middle""}, {""ign"": ""dex star"", ""role"": ""Middle""}, {""ign"": ""bon chan"", ""role"": """"}, {""ign"": ""edward"", ""role"": ""EXP Lane""}, {""ign"": ""wise"", ""role"": ""Jungler""}, {""ign"": ""hadji"", ""role"": ""Middle""}, {""ign"": ""oheb"", ""role"": ""Gold Lane""}, {""ign"": ""ohmyv33nus"", ""role"": ""Roamer""}]","[{""ign"": ""Master the Basics"", ""role"": ""Assistant Coach""}]"
88,10,AP.Bren,"[{""ign"": ""flaptzy"", ""role"": ""EXP Lane""}, {""ign"": ""saxa"", ""role"": ""Jungler""}, {""ign"": ""stowm"", ""role"": ""Middle""}, {""ign"": ""jowm"", ""role"": ""Gold Lane""}, {""ign"": ""joy boy"", ""role"": ""Roamer""}, {""ign"": ""ducky"", ""role"": """"}, {""ign"": ""pandora"", ""role"": ""EXP Lane""}, {""ign"": ""kyletzy"", ""role"": ""Jungler""}, {""ign"": ""pheww"", ""role"": ""Middle""}, {""ign"": ""super marco"", ""role"": ""Gold Lane""}, {""ign"": ""owgwen"", ""role"": ""Roamer""}]","[{""ign"": ""Pauloxpert"", ""role"": ""Assistant Coach""}]"
89,10,Team Liquid PH,"[{""ign"": ""3martzy"", ""role"": ""EXP Lane""}, {""ign"": ""zaida"", ""role"": ""Jungler""}, {""ign"": ""kurttzy"", ""role"": ""Middle""}, {""ign"": ""outplayed"", ""role"": ""Gold Lane""}, {""ign"": ""jaypee"", ""role"": ""Roamer""}, {""ign"": ""sanford"", ""role"": ""EXP Lane""}, {""ign"": ""karltzy"", ""role"": ""Jungler""}, {""ign"": ""sanji"", ""role"": ""Middle""}, {""ign"": ""bennyqt"", ""role"": ""Gold Lane""}, {""ign"": ""yawi"", ""role"": ""Roamer""}]","[{""ign"": ""Trebor"", ""role"": ""Assistant Coach""}, {""ign"": ""Tictac"", ""role"": ""Head Coach""}]"
90,10,Nexplay EVOS,"[{""ign"": ""renejay"", ""role"": ""Flex""}, {""ign"": ""kzen"", ""role"": ""Jungler""}, {""ign"": ""lancecy"", ""role"": ""Middle""}, {""ign"": ""dogie"", ""role"": ""Roamer""}, {""ign"": ""elpizo"", ""role"": ""Roamer""}, {""ign"": ""jeymz"", ""role"": ""EXP Lane""}, {""ign"": ""h2wo"", ""role"": ""Jungler""}, {""ign"": ""yellyhaze"", ""role"": ""Middle""}, {""ign"": ""donut"", ""role"": ""Gold Lane""}, {""ign"": ""micophobia"", ""role"": ""Roamer""}]","[{""ign"": ""Pao"", ""role"": ""Head Coach""}]"
91,10,Omega Esports,"[{""ign"": ""kielvj"", ""role"": ""Middle""}, {""ign"": ""mikko"", ""role"": ""Roamer""}, {""ign"": ""z4pnu"", ""role"": ""EXP Lane""}, {""ign"": ""p4kbet"", ""role"": """"}, {""ign"": ""amethyst"", ""role"": """"}, {""ign"": ""hjidoue"", ""role"": """"}, {""ign"": ""renzio"", ""role"": ""EXP Lane""}, {""ign"": ""raizen"", ""role"": ""Jungler""}, {""ign"": ""e2max"", ""role"": ""Middle""}, {""ign"": ""kelra"", ""role"": ""Gold Lane""}, {""ign"": ""ch4knu"", ""role"": ""Roamer""}]","[{""ign"": ""YnoT"", ""role"": ""Head Coach""}]"
92,10,ONIC PH,"[{""ign"": ""der"", ""role"": ""EXP Lane""}, {""ign"": ""kekedoot"", ""role"": ""Roamer""}, {""ign"": ""choox"", ""role"": ""Jungler""}, {""ign"": ""bluffzy"", ""role"": """"}, {""ign"": ""jeff"", ""role"": """"}, {""ign"": ""ryota"", ""role"": ""EXP Lane""}, {""ign"": ""sensui"", ""role"": ""Jungler""}, {""ign"": ""super frince"", ""role"": ""Middle""}, {""ign"": ""nets"", ""role"": ""Gold Lane""}, {""ign"": ""rapidoot"", ""role"": ""Roamer""}]",[]
93,10,RSG PH,"[{""ign"": ""kenji"", ""role"": ""EXP Lane""}, {""ign"": ""1rrad"", ""role"": ""Jungler""}, {""ign"": ""exort"", ""role"": ""Middle""}, {""ign"": ""kousei"", ""role"": ""Gold Lane""}, {""ign"": ""perkz"", ""role"": ""Roamer""}, {""ign"": ""wrecker"", ""role"": ""Middle""}, {""ign"": ""panda"", ""role"": """"}, {""ign"": ""nathzz"", ""role"": ""EXP Lane""}, {""ign"": ""demonkite"", ""role"": ""Jungler""}, {""ign"": ""aqua"", ""role"": ""Middle""}, {""ign"": ""emann"", ""role"": ""Gold Lane""}, {""ign"": ""light"", ""role"": ""Roamer""}]","[{""ign"": ""Giee"", ""role"": ""Assistant Coach""}]"
94,10,TNC Pro Team,"[{""ign"": ""kingsalman"", ""role"": ""Flex""}, {""ign"": ""kramm"", ""role"": ""EXP Lane""}, {""ign"": ""sdzyz"", ""role"": ""Jungler""}, {""ign"": ""escalera"", ""role"": ""Middle""}, {""ign"": ""yasuwo"", ""role"": ""Gold Lane""}, {""ign"": ""benthings"", ""role"": ""Roamer""}]","[{""ign"": ""413"", ""role"": ""Head Coach""}, {""ign"": ""Scholar"", ""role"": ""Assistant Coach""}]"
95,11,Blacklist Intl.,"[{""ign"": ""renejay"", ""role"": ""EXP Lane""}, {""ign"": ""archer"", ""role"": ""Gold Lane""}, {""ign"": ""super red"", ""role"": ""Gold Lane""}, {""ign"": ""edward"", ""role"": ""EXP Lane""}, {""ign"": ""wise"", ""role"": ""Jungler""}, {""ign"": ""yue"", ""role"": ""Middle""}, {""ign"": ""owl"", ""role"": ""Gold Lane""}, {""ign"": ""ohmyv33nus"", ""role"": ""Roamer""}]","[{""ign"": ""Master the Basics"", ""role"": ""Head Coach""}, {""ign"": ""Dex Star"", ""role"": ""Assistant Coach""}]"
96,11,AP.Bren,"[{""ign"": ""pandora"", ""role"": ""EXP Lane""}, {""ign"": ""ducky"", ""role"": """"}, {""ign"": ""vrendon lin"", ""role"": """"}, {""ign"": ""flaptzy"", ""role"": ""EXP Lane""}, {""ign"": ""kyletzy"", ""role"": ""Jungler""}, {""ign"": ""pheww"", ""role"": ""Middle""}, {""ign"": ""super marco"", ""role"": ""Gold Lane""}, {""ign"": ""owgwen"", ""role"": ""Roamer""}]",[]
97,11,Team Liquid PH,"[{""ign"": ""jian"", ""role"": ""Gold Lane""}, {""ign"": ""sanford"", ""role"": ""EXP Lane""}, {""ign"": ""karltzy"", ""role"": ""Jungler""}, {""ign"": ""sanji"", ""role"": ""Middle""}, {""ign"": ""bennyqt"", ""role"": ""Gold Lane""}, {""ign"": ""yawi"", ""role"": ""Roamer""}]","[{""ign"": ""Tictac"", ""role"": ""Head Coach""}, {""ign"": ""Trebor"", ""role"": ""Assistant Coach""}]"
98,11,Nexplay EVOS,"[{""ign"": ""haze"", ""role"": ""Middle""}, {""ign"": ""dingdr"", ""role"": ""EXP Lane""}, {""ign"": ""boyetdr"", ""role"": ""Jungler""}, {""ign"": ""goyongdr"", ""role"": ""Middle""}, {""ign"": ""domengdr"", ""role"": ""Gold Lane""}, {""ign"": ""bruskodr"", ""role"": ""Roamer""}]","[{""ign"": ""JOSH"", ""role"": ""Head Coach""}, {""ign"": ""Isonn"", ""role"": ""Assistant Coach""}]"
99,11,Omega Esports,"[{""ign"": ""louis"", ""role"": ""EXP Lane""}, {""ign"": ""pakbet"", ""role"": """"}, {""ign"": ""renzio"", ""role"": ""EXP Lane""}, {""ign"": ""raizen"", ""role"": ""Jungler""}, {""ign"": ""stowm"", ""role"": ""Middle""}, {""ign"": ""kelra"", ""role"": ""Gold Lane""}, {""ign"": ""mikko"", ""role"": ""Roamer""}]","[{""ign"": ""YnoT"", ""role"": ""Head Coach""}, {""ign"": ""E2MAX"", ""role"": ""Technical Coach""}]"
100,11,ONIC PH,"[{""ign"": ""der"", ""role"": ""EXP Lane""}, {""ign"": ""pancake"", ""role"": ""Roamer""}, {""ign"": ""boss a"", ""role"": ""Gold Lane""}, {""ign"": ""ryota"", ""role"": ""EXP Lane""}, {""ign"": ""sensui"", ""role"": ""Jungler""}, {""ign"": ""frinceee"", ""role"": ""Middle""}, {""ign"": ""nets"", ""role"": ""Gold Lane""}, {""ign"": ""kekedoot"", ""role"": ""Roamer""}]","[{""ign"": ""Bluffzy"", ""role"": ""Head Coach""}, {""ign"": ""Lyrick"", ""role"": ""Assistant Coach""}]"
101,11,RSG PH,"[{""ign"": ""kouzen"", ""role"": ""Gold Lane""}, {""ign"": ""kirk"", ""role"": ""EXP Lane""}, {""ign"": ""h2wo"", ""role"": ""Jungler""}, {""ign"": ""nathzz"", ""role"": ""EXP Lane""}, {""ign"": ""irrad"", ""role"": ""Jungler""}, {""ign"": ""exort"", ""role"": ""Middle""}, {""ign"": ""emann"", ""role"": ""Gold Lane""}, {""ign"": ""light"", ""role"": ""Roamer""}]","[{""ign"": ""Panda"", ""role"": ""Head Coach""}, {""ign"": ""Theo"", ""role"": ""Assistant Coach""}]"
102,11,TNC Pro Team,"[{""ign"": ""kramm"", ""role"": ""EXP Lane""}, {""ign"": ""saxa"", ""role"": ""Jungler""}, {""ign"": ""riku"", ""role"": ""Middle""}, {""ign"": ""ninjakilla"", ""role"": ""Gold Lane""}, {""ign"": ""goyo"", ""role"": ""Middle""}, {""ign"": ""413"", ""role"": """"}, {""ign"": ""hesu"", ""role"": ""EXP Lane""}, {""ign"": ""k1ngkong"", ""role"": ""Jungler""}, {""ign"": ""escalera"", ""role"": ""Middle""}, {""ign"": ""innocent"", ""role"": ""Gold Lane""}, {""ign"": ""benthings"", ""role"": ""Roamer""}]","[{""ign"": ""Lift"", ""role"": ""Head Coach""}, {""ign"": ""Scholar"", ""role"": ""Assistant Coach""}, {""ign"": ""Right"", ""role"": ""Assistant Coach""}]"
103,12,AP.Bren,"[{""ign"": ""pandora"", ""role"": ""EXP Lane""}, {""ign"": ""mumukid"", ""role"": ""Middle""}, {""ign"": ""flaptzy"", ""role"": ""EXP Lane""}, {""ign"": ""kyletzy"", ""role"": ""Jungler""}, {""ign"": ""pheww"", ""role"": ""Middle""}, {""ign"": ""super marco"", ""role"": ""Gold Lane""}, {""ign"": ""owgwen"", ""role"": ""Roamer""}]","[{""ign"": ""Ducky"", ""role"": ""Head Coach""}, {""ign"": ""Vren"", ""role"": ""Assistant Coach""}]"
104,12,Blacklist Intl.,"[{""ign"": ""dominic"", ""role"": ""EXP Lane""}, {""ign"": ""rindo"", ""role"": ""Jungler""}, {""ign"": ""hadji"", ""role"": ""Middle""}, {""ign"": ""owl"", ""role"": ""Gold Lane""}, {""ign"": ""kimpoy"", ""role"": ""Roamer""}, {""ign"": ""eyon"", ""role"": ""Middle""}, {""ign"": ""calad"", ""role"": """"}, {""ign"": ""edward"", ""role"": ""EXP Lane""}, {""ign"": ""sensui"", ""role"": ""Jungler""}, {""ign"": ""yue"", ""role"": ""Middle""}, {""ign"": ""oheb"", ""role"": ""Gold Lane""}, {""ign"": ""renejay"", ""role"": ""Roamer""}]","[{""ign"": ""Master the Basics"", ""role"": ""Head Coach""}, {""ign"": ""BON CHAN"", ""role"": ""Assistant Coach""}, {""ign"": ""Dex Star"", ""role"": ""Assistant Coach""}]"
105,12,Team Liquid PH,"[{""ign"": ""yawi"", ""role"": ""Roamer""}, {""ign"": ""sanford"", ""role"": ""EXP Lane""}, {""ign"": ""karltzy"", ""role"": ""Jungler""}, {""ign"": ""sanji"", ""role"": ""Middle""}, {""ign"": ""bennyqt"", ""role"": ""Gold Lane""}, {""ign"": ""jaypee"", ""role"": ""Roamer""}]","[{""ign"": ""Tictac"", ""role"": ""Head Coach""}, {""ign"": ""Trebor"", ""role"": ""Assistant Coach""}]"
106,12,Minana EVOS,"[{""ign"": ""lansu"", ""role"": ""EXP Lane""}, {""ign"": ""boyet"", ""role"": ""Jungler""}, {""ign"": ""goyong"", ""role"": ""Middle""}, {""ign"": ""sumpak"", ""role"": ""Gold Lane""}, {""ign"": ""brusko"", ""role"": ""Roamer""}, {""ign"": ""yellyhaze"", ""role"": """"}, {""ign"": ""imbadeejay"", ""role"": """"}, {""ign"": ""bitoy"", ""role"": """"}, {""ign"": ""lord jm"", ""role"": ""EXP Lane""}, {""ign"": ""kzen"", ""role"": ""Jungler""}, {""ign"": ""lancecy"", ""role"": ""Middle""}, {""ign"": ""domeng"", ""role"": ""Gold Lane""}, {""ign"": ""spidermilez"", ""role"": ""Roamer""}]","[{""ign"": ""Isonn"", ""role"": ""Head Coach""}]"
107,12,Omega Esports,"[{""ign"": ""jowm"", ""role"": ""Gold Lane""}, {""ign"": ""ribo"", ""role"": ""Flex""}, {""ign"": ""spideeey"", ""role"": ""Jungler""}, {""ign"": ""andoryuuu"", ""role"": ""Jungler""}, {""ign"": ""stronger"", ""role"": """"}, {""ign"": ""ryota"", ""role"": ""EXP Lane""}, {""ign"": ""matt"", ""role"": ""Jungler""}, {""ign"": ""e2max"", ""role"": ""Middle""}, {""ign"": ""kelra"", ""role"": ""Gold Lane""}, {""ign"": ""ch4knu"", ""role"": ""Roamer""}]",[]
108,12,ONIC PH,"[{""ign"": ""jem"", ""role"": ""EXP Lane""}, {""ign"": ""yoshinu"", ""role"": ""Roamer""}, {""ign"": ""perkz"", ""role"": ""Roamer""}, {""ign"": ""rapidoot"", ""role"": ""Roamer""}, {""ign"": ""boss a"", ""role"": ""Gold Lane""}, {""ign"": ""bam"", ""role"": """"}, {""ign"": ""kramm"", ""role"": ""EXP Lane""}, {""ign"": ""raizen"", ""role"": ""Jungler""}, {""ign"": ""super frince"", ""role"": ""Middle""}, {""ign"": ""nets"", ""role"": ""Gold Lane""}, {""ign"": ""escalera"", ""role"": ""Roamer""}]","[{""ign"": ""Bluffzy"", ""role"": ""Head Coach""}, {""ign"": ""Jeff"", ""role"": ""Strategic Coach""}, {""ign"": ""Wuraaaah"", ""role"": ""Assistant Coach""}]"
109,12,RSG PH,"[{""ign"": ""rtzy"", ""role"": ""Middle""}, {""ign"": ""souuul"", ""role"": ""Gold Lane""}, {""ign"": ""nathzz"", ""role"": ""EXP Lane""}, {""ign"": ""irrad"", ""role"": ""Jungler""}, {""ign"": ""aqua"", ""role"": ""Middle""}, {""ign"": ""emann"", ""role"": ""Gold Lane""}, {""ign"": ""light"", ""role"": ""Roamer""}]","[{""ign"": ""Panda"", ""role"": ""Head Coach""}, {""ign"": ""Theo"", ""role"": ""Assistant Coach""}]"
110,12,TNC Pro Team,"[{""ign"": ""bao"", ""role"": ""EXP Lane""}, {""ign"": ""hesu"", ""role"": ""EXP Lane""}, {""ign"": ""yasuwo"", ""role"": """"}, {""ign"": ""ajayy"", ""role"": ""EXP Lane""}, {""ign"": ""k1ngkong"", ""role"": ""Jungler""}, {""ign"": ""goyo"", ""role"": ""Middle""}, {""ign"": ""innocent"", ""role"": ""Gold Lane""}, {""ign"": ""benthings"", ""role"": ""Roamer""}]","[{""ign"": ""Scholar"", ""role"": ""Head Coach""}]"
111,13,AP.Bren,"[{""ign"": ""pandora"", ""role"": ""EXP Lane""}, {""ign"": ""flaptzy"", ""role"": ""EXP Lane""}, {""ign"": ""kyletzy"", ""role"": ""Jungler""}, {""ign"": ""pheww"", ""role"": ""Middle""}, {""ign"": ""super marco"", ""role"": ""Gold Lane""}, {""ign"": ""owgwen"", ""role"": ""Roamer""}]","[{""ign"": ""Ducky"", ""role"": ""Head Coach""}, {""ign"": ""Trebor"", ""role"": ""Technical Coach""}]"
112,13,Blacklist Intl.,"[{""ign"": ""kimpoy"", ""role"": ""Roamer""}, {""ign"": ""eson"", ""role"": ""Roamer""}, {""ign"": ""calad"", ""role"": """"}, {""ign"": ""edward"", ""role"": ""EXP Lane""}, {""ign"": ""sensui"", ""role"": ""Jungler""}, {""ign"": ""yue"", ""role"": ""Middle""}, {""ign"": ""oheb"", ""role"": ""Gold Lane""}, {""ign"": ""hadji"", ""role"": ""Roamer""}]","[{""ign"": ""BON CHAN"", ""role"": ""Head Coach""}, {""ign"": ""Dex Star"", ""role"": ""Assistant Coach""}, {""ign"": ""Master the Basics"", ""role"": ""Technical Coach""}]"
113,13,Team Liquid PH,"[{""ign"": ""ejjj"", ""role"": ""EXP Lane""}, {""ign"": ""zaida"", ""role"": ""Jungler""}, {""ign"": ""outplayed"", ""role"": ""Gold Lane""}, {""ign"": ""sanford"", ""role"": ""EXP Lane""}, {""ign"": ""karltzy"", ""role"": ""Jungler""}, {""ign"": ""sanji"", ""role"": ""Middle""}, {""ign"": ""bennyqt"", ""role"": ""Gold Lane""}, {""ign"": ""jaypee"", ""role"": ""Roamer""}]","[{""ign"": ""Tictac"", ""role"": ""Head Coach""}]"
114,13,Minana EVOS,"[{""ign"": """", ""role"": ""EXP Lane""}, {""ign"": """", ""role"": ""Jungler""}, {""ign"": """", ""role"": ""Middle""}, {""ign"": """", ""role"": ""Gold Lane""}, {""ign"": """", ""role"": ""Roamer""}, {""ign"": """", ""role"": ""Head Coach""}, {""ign"": """", ""role"": ""Assistant Coach""}, {""ign"": """", ""role"": """"}, {""ign"": """", ""role"": ""EXP Lane""}, {""ign"": """", ""role"": ""Jungler""}, {""ign"": """", ""role"": ""Middle""}, {""ign"": """", ""role"": ""Gold Lane""}, {""ign"": """", ""role"": ""Roamer""}]","[{""ign"": ""Bitoy"", ""role"": ""Head Coach""}, {""ign"": ""Imbadeejay"", ""role"": ""Assistant Coach""}]"
115,13,Omega Esports,"[{""ign"": """", ""role"": ""EXP Lane""}, {""ign"": """", ""role"": ""Jungler""}, {""ign"": """", ""role"": ""Middle""}, {""ign"": """", ""role"": ""Gold Lane""}, {""ign"": """", ""role"": ""Roamer""}, {""ign"": """", ""role"": ""Middle""}, {""ign"": """", ""role"": ""Jungler""}, {""ign"": """", ""role"": ""Roamer""}, {""ign"": """", ""role"": ""Head Coach""}, {""ign"": """", ""role"": ""Assistant Coach""}, {""ign"": """", ""role"": """"}, {""ign"": """", ""role"": ""EXP Lane""}, {""ign"": """", ""role"": ""Jungler""}, {""ign"": """", ""role"": ""Middle""}, {""ign"": """", ""role"": ""Gold Lane""}, {""ign"": """", ""role"": ""Roamer""}]","[{""ign"": ""Stronger"", ""role"": ""Head Coach""}, {""ign"": ""Lembot"", ""role"": ""Assistant Coach""}]"
116,13,FNATIC Onic PH,"[{""ign"": """", ""role"": ""Gold Lane""}, {""ign"": """", ""role"": ""Head Coach""}, {""ign"": """", ""role"": ""Assistant Coach""}, {""ign"": """", ""role"": """"}, {""ign"": """", ""role"": ""EXP Lane""}, {""ign"": """", ""role"": ""Jungler""}, {""ign"": """", ""role"": ""Middle""}, {""ign"": """", ""role"": ""Gold Lane""}, {""ign"": """", ""role"": ""Roamer""}]","[{""ign"": ""YnoT"", ""role"": ""Head Coach""}, {""ign"": ""E2MAX"", ""role"": ""Assistant Coach""}]"
117,13,RSG PH,"[{""ign"": ""nibor"", ""role"": ""EXP Lane""}, {""ign"": ""rtzy"", ""role"": ""Middle""}, {""ign"": ""panda"", ""role"": """"}, {""ign"": ""dalyot"", ""role"": """"}, {""ign"": ""nathzz"", ""role"": ""EXP Lane""}, {""ign"": ""demonkite"", ""role"": ""Jungler""}, {""ign"": ""aqua"", ""role"": ""Middle""}, {""ign"": ""kousei"", ""role"": ""Gold Lane""}, {""ign"": ""light"", ""role"": ""Roamer""}]",[]
118,13,TNC Pro Team,"[{""ign"": """", ""role"": ""Gold Lane""}, {""ign"": """", ""role"": ""Middle""}, {""ign"": """", ""role"": ""Head Coach""}, {""ign"": """", ""role"": ""EXP Lane""}, {""ign"": """", ""role"": ""Jungler""}, {""ign"": """", ""role"": ""Middle""}, {""ign"": """", ""role"": ""Gold Lane""}, {""ign"": """", ""role"": ""Roamer""}]","[{""ign"": ""Benthings"", ""role"": ""Head Coach""}]"
151,13,Falcons AP.Bren,"[{""ign"": """", ""role"": ""EXP Lane""}, {""ign"": """", ""role"": ""Head Coach""}, {""ign"": """", ""role"": ""Technical Coach""}, {""ign"": """", ""role"": ""EXP Lane""}, {""ign"": """", ""role"": ""Jungler""}, {""ign"": """", ""role"": ""Middle""}, {""ign"": """", ""role"": ""Gold Lane""}, {""ign"": """", ""role"": ""Roamer""}]",
152,13,Blacklist International,"[{""ign"": """", ""role"": ""Roamer""}, {""ign"": """", ""role"": ""Roamer""}, {""ign"": """", ""role"": ""Head Coach""}, {""ign"": """", ""role"": ""Assistant Coach""}, {""ign"": """", ""role"": ""Technical Coach""}, {""ign"": """", ""role"": """"}, {""ign"": """", ""role"": ""EXP Lane""}, {""ign"": """", ""role"": ""Jungler""}, {""ign"": """", ""role"": ""Middle""}, {""ign"": """", ""role"": ""Gold Lane""}, {""ign"": """", ""role"": ""Roamer""}]",
153,13,Liquid Echo,"[{""ign"": """", ""role"": ""EXP Lane""}, {""ign"": """", ""role"": ""Jungler""}, {""ign"": """", ""role"": ""Gold Lane""}, {""ign"": """", ""role"": ""Head Coach""}, {""ign"": """", ""role"": ""EXP Lane""}, {""ign"": """", ""role"": ""Jungler""}, {""ign"": """", ""role"": ""Middle""}, {""ign"": """", ""role"": ""Gold Lane""}, {""ign"": """", ""role"": ""Roamer""}]",
154,13,RSG Philippines,"[{""ign"": """", ""role"": ""EXP Lane""}, {""ign"": """", ""role"": ""Middle""}, {""ign"": """", ""role"": """"}, {""ign"": """", ""role"": """"}, {""ign"": """", ""role"": ""EXP Lane""}, {""ign"": """", ""role"": ""Jungler""}, {""ign"": """", ""role"": ""Middle""}, {""ign"": """", ""role"": ""Gold Lane""}, {""ign"": """", ""role"": ""Roamer""}]",
119,14,Aurora,"[{""ign"": ""benthings"", ""role"": ""Roamer""}, {""ign"": ""edward"", ""role"": ""EXP Lane""}, {""ign"": ""demonkite"", ""role"": ""Jungler""}, {""ign"": ""yue"", ""role"": ""Middle""}, {""ign"": ""domeng"", ""role"": ""Gold Lane""}, {""ign"": ""renejay"", ""role"": ""Roamer""}]","[{""ign"": ""Master the Basics"", ""role"": ""Head Coach""}, {""ign"": ""Dex Star"", ""role"": ""Assistant Coach""}]"
120,14,Blacklist Intl.,"[{""ign"": ""dlar"", ""role"": ""EXP Lane""}, {""ign"": ""marktzy"", ""role"": ""Jungler""}, {""ign"": ""exort"", ""role"": ""Middle""}, {""ign"": ""outplayed"", ""role"": ""Gold Lane""}, {""ign"": ""kimpoy"", ""role"": ""Roamer""}, {""ign"": ""super kurt"", ""role"": """"}, {""ign"": ""bigetron alpha"", ""role"": ""EXP Lane""}, {""ign"": ""mp the king"", ""role"": ""Jungler""}, {""ign"": ""hadji"", ""role"": ""Middle""}, {""ign"": ""oheb"", ""role"": ""Gold Lane""}, {""ign"": ""perkz"", ""role"": ""Roamer""}]","[{""ign"": ""BON CHAN"", ""role"": ""Head Coach""}, {""ign"": ""ESON"", ""role"": ""Assistant Coach""}, {""ign"": ""BomBi"", ""role"": ""Technical Coach""}]"
121,14,AP.Bren,"[{""ign"": ""pandora"", ""role"": ""EXP Lane""}, {""ign"": ""flaptzy"", ""role"": ""EXP Lane""}, {""ign"": ""kyletzy"", ""role"": ""Jungler""}, {""ign"": ""pheww"", ""role"": ""Middle""}, {""ign"": ""super marco"", ""role"": ""Gold Lane""}, {""ign"": ""owgwen"", ""role"": ""Roamer""}]","[{""ign"": ""Ducky"", ""role"": ""Head Coach""}, {""ign"": ""Trebor"", ""role"": ""Technical Coach""}]"
122,14,ONIC PH,"[{""ign"": ""spidermilez"", ""role"": ""Roamer""}, {""ign"": ""kirk"", ""role"": ""EXP Lane""}, {""ign"": ""k1ngkong"", ""role"": ""Jungler""}, {""ign"": ""super frince"", ""role"": ""Middle""}, {""ign"": ""kelra"", ""role"": ""Gold Lane""}, {""ign"": ""brusko"", ""role"": ""Roamer""}]","[{""ign"": ""YnoT"", ""role"": ""Head Coach""}, {""ign"": ""Haze"", ""role"": ""Assistant Coach""}]"
123,14,Omega Esports,"[{""ign"": """", ""role"": ""Flex""}, {""ign"": """", ""role"": ""Middle""}, {""ign"": """", ""role"": ""Head Coach""}, {""ign"": """", ""role"": ""Assistant Coach""}, {""ign"": """", ""role"": """"}, {""ign"": """", ""role"": ""EXP Lane""}, {""ign"": """", ""role"": ""Jungler""}, {""ign"": """", ""role"": ""Middle""}, {""ign"": """", ""role"": ""Gold Lane""}, {""ign"": """", ""role"": ""Roamer""}]","[{""ign"": ""Stronger"", ""role"": ""Head Coach""}, {""ign"": ""Lembot"", ""role"": ""Assistant Coach""}]"
124,14,RSG PH,"[{""ign"": ""nathzz"", ""role"": ""EXP Lane""}, {""ign"": ""bai luci"", ""role"": ""EXP Lane""}, {""ign"": ""nibor"", ""role"": ""EXP Lane""}, {""ign"": ""irrad"", ""role"": ""Jungler""}, {""ign"": ""aqua"", ""role"": ""Middle""}, {""ign"": ""kousei"", ""role"": ""Gold Lane""}, {""ign"": ""light"", ""role"": ""Roamer""}]","[{""ign"": ""Panda"", ""role"": ""Head Coach""}, {""ign"": ""Dalyot"", ""role"": ""Assistant Coach""}, {""ign"": ""Link"", ""role"": ""Assistant Coach""}]"
125,14,Team Liquid PH,"[{""ign"": """", ""role"": ""Jungler""}, {""ign"": """", ""role"": ""Head Coach""}, {""ign"": """", ""role"": """"}, {""ign"": """", ""role"": """"}, {""ign"": """", ""role"": ""EXP Lane""}, {""ign"": """", ""role"": ""Jungler""}, {""ign"": """", ""role"": ""Middle""}, {""ign"": """", ""role"": ""Gold Lane""}, {""ign"": """", ""role"": ""Roamer""}]","[{""ign"": ""Tictac"", ""role"": ""Head Coach""}]"
126,14,TNC Pro Team,"[{""ign"": """", ""role"": ""Jungler""}, {""ign"": """", ""role"": ""Middle""}, {""ign"": """", ""role"": ""Head Coach""}, {""ign"": """", ""role"": ""Assistant Coach""}, {""ign"": """", ""role"": """"}, {""ign"": """", ""role"": ""EXP Lane""}, {""ign"": """", ""role"": ""Jungler""}, {""ign"": """", ""role"": ""Middle""}, {""ign"": """", ""role"": ""Gold Lane""}, {""ign"": """", ""role"": ""Roamer""}]","[{""ign"": ""Wolf"", ""role"": ""Head Coach""}, {""ign"": ""E2MAX"", ""role"": ""Assistant Coach""}]"
155,14,Aurora Gaming PH,"[{""ign"": """", ""role"": ""Roamer""}, {""ign"": """", ""role"": ""Head Coach""}, {""ign"": """", ""role"": ""Assistant Coach""}, {""ign"": """", ""role"": ""EXP Lane""}, {""ign"": """", ""role"": ""Jungler""}, {""ign"": """", ""role"": ""Middle""}, {""ign"": """", ""role"": ""Gold Lane""}, {""ign"": """", ""role"": ""Roamer""}]",
156,14,Blacklist International,"[{""ign"": """", ""role"": ""EXP Lane""}, {""ign"": """", ""role"": ""Jungler""}, {""ign"": """", ""role"": ""Middle""}, {""ign"": """", ""role"": ""Gold Lane""}, {""ign"": """", ""role"": ""Roamer""}, {""ign"": """", ""role"": ""Head Coach""}, {""ign"": """", ""role"": ""Assistant Coach""}, {""ign"": """", ""role"": ""Technical Coach""}, {""ign"": """", ""role"": """"}, {""ign"": """", ""role"": ""EXP Lane""}, {""ign"": """", ""role"": ""Jungler""}, {""ign"": """", ""role"": ""Middle""}, {""ign"": """", ""role"": ""Gold Lane""}, {""ign"": """", ""role"": ""Roamer""}]",
157,14,Falcons AP.Bren,"[{""ign"": """", ""role"": ""EXP Lane""}, {""ign"": """", ""role"": ""Head Coach""}, {""ign"": """", ""role"": ""Technical Coach""}, {""ign"": """", ""role"": ""EXP Lane""}, {""ign"": """", ""role"": ""Jungler""}, {""ign"": """", ""role"": ""Middle""}, {""ign"": """", ""role"": ""Gold Lane""}, {""ign"": """", ""role"": ""Roamer""}]",
158,14,Fnatic ONIC PH,"[{""ign"": """", ""role"": ""Roamer""}, {""ign"": """", ""role"": ""Head Coach""}, {""ign"": """", ""role"": ""Assistant Coach""}, {""ign"": """", ""role"": ""EXP Lane""}, {""ign"": """", ""role"": ""Jungler""}, {""ign"": """", ""role"": ""Middle""}, {""ign"": """", ""role"": ""Gold Lane""}, {""ign"": """", ""role"": ""Roamer""}]",
159,14,RSG Philippines,"[{""ign"": """", ""role"": ""EXP Lane""}, {""ign"": """", ""role"": ""EXP Lane""}, {""ign"": """", ""role"": ""Head Coach""}, {""ign"": """", ""role"": ""Assistant Coach""}, {""ign"": """", ""role"": ""Assistant Coach""}, {""ign"": """", ""role"": ""EXP Lane""}, {""ign"": """", ""role"": ""Jungler""}, {""ign"": """", ""role"": ""Middle""}, {""ign"": """", ""role"": ""Gold Lane""}, {""ign"": """", ""role"": ""Roamer""}]",
127,15,AP.Bren,"[{""ign"": ""sindel"", ""role"": ""Gold Lane""}, {""ign"": ""bom"", ""role"": """"}, {""ign"": ""der"", ""role"": ""EXP Lane""}, {""ign"": ""jamespangks"", ""role"": ""Jungler""}, {""ign"": ""chovyy"", ""role"": ""Middle""}, {""ign"": ""shizou"", ""role"": ""Gold Lane""}, {""ign"": ""kekedot"", ""role"": ""Roamer""}]","[{""ign"": ""Jeff"", ""role"": ""Head Coach""}, {""ign"": ""Pakbet"", ""role"": ""Assistant Coach""}, {""ign"": ""Cjay"", ""role"": ""Technical Coach""}]"
128,15,Aurora,"[{""ign"": ""calad"", ""role"": ""Flex""}, {""ign"": ""edward"", ""role"": ""EXP Lane""}, {""ign"": ""demonkite"", ""role"": ""Jungler""}, {""ign"": ""yue"", ""role"": ""Middle""}, {""ign"": ""domeng"", ""role"": ""Gold Lane""}, {""ign"": ""renejay"", ""role"": ""Roamer""}]","[{""ign"": ""Master the Basics"", ""role"": ""Head Coach""}, {""ign"": ""Dex Star"", ""role"": ""Assistant Coach""}]"
129,15,Omega Esports,"[{""ign"": ""ch4knu"", ""role"": ""Roamer""}, {""ign"": ""louis"", ""role"": ""EXP Lane""}, {""ign"": ""andoryuuu"", ""role"": ""Jungler""}, {""ign"": ""riku"", ""role"": ""Middle""}, {""ign"": ""jowm"", ""role"": ""Gold Lane""}, {""ign"": ""yoshinu"", ""role"": ""Roamer""}]","[{""ign"": ""Lembot"", ""role"": ""Head Coach""}, {""ign"": ""SN4P"", ""role"": ""Assistant Coach""}]"
130,15,ONIC PH,"[{""ign"": ""hate"", ""role"": ""Flex""}, {""ign"": ""kirk"", ""role"": ""EXP Lane""}, {""ign"": ""k1ngkong"", ""role"": ""Jungler""}, {""ign"": ""super frince"", ""role"": ""Middle""}, {""ign"": ""kelra"", ""role"": ""Gold Lane""}, {""ign"": ""brusko"", ""role"": ""Roamer""}]","[{""ign"": ""YNot"", ""role"": ""Head Coach""}, {""ign"": ""Haze"", ""role"": ""Assistant Coach""}]"
131,15,Team Falcons PH,"[{""ign"": ""pandora"", ""role"": ""Flex""}, {""ign"": ""trebor"", ""role"": """"}, {""ign"": ""flaptzy"", ""role"": ""EXP Lane""}, {""ign"": ""kyletzy"", ""role"": ""Jungler""}, {""ign"": ""pheww"", ""role"": ""Middle""}, {""ign"": ""super marco"", ""role"": ""Gold Lane""}, {""ign"": ""owgwen"", ""role"": ""Roamer""}]",[]
132,15,Team Liquid PH,"[{""ign"": ""yuktzy"", ""role"": ""Gold Lane""}, {""ign"": ""perkz"", ""role"": ""Roamer""}, {""ign"": ""ar sy"", ""role"": """"}, {""ign"": ""sanford"", ""role"": ""EXP Lane""}, {""ign"": ""karltzy"", ""role"": ""Jungler""}, {""ign"": ""sanji"", ""role"": ""Middle""}, {""ign"": ""oheb"", ""role"": ""Gold Lane""}, {""ign"": ""jaypee"", ""role"": ""Roamer""}]",[]
133,15,TNC Pro Team,"[{""ign"": ""lord jm"", ""role"": ""EXP Lane""}, {""ign"": ""koyl"", ""role"": ""Jungler""}, {""ign"": ""kouzen"", ""role"": ""Gold Lane""}, {""ign"": ""3martzy"", ""role"": ""EXP Lane""}, {""ign"": ""zaida"", ""role"": ""Jungler""}, {""ign"": ""lancecy"", ""role"": ""Middle""}, {""ign"": ""bennyqt"", ""role"": ""Gold Lane""}, {""ign"": ""yawi"", ""role"": ""Roamer""}]","[{""ign"": ""Imbadeejay"", ""role"": ""Head Coach""}, {""ign"": ""Xemy"", ""role"": ""Assistant Coach""}]"
134,15,Twisted Minds PH,"[{""ign"": ""lamaj"", ""role"": ""Gold Lane""}, {""ign"": ""sensui"", ""role"": ""Roamer""}, {""ign"": ""jeymz"", ""role"": ""EXP Lane""}, {""ign"": ""mp the king"", ""role"": ""Jungler""}, {""ign"": ""hadji"", ""role"": ""Middle""}, {""ign"": ""outplayed"", ""role"": ""Gold Lane""}, {""ign"": ""escalera"", ""role"": ""Roamer""}]","[{""ign"": ""BON CHAN"", ""role"": ""Head Coach""}, {""ign"": ""ESON"", ""role"": ""Assistant Coach""}]"
135,16,AP.Bren,"[{""ign"": ""chovyy"", ""role"": ""Middle""}, {""ign"": ""lord jm"", ""role"": ""EXP Lane""}, {""ign"": ""jamespangks"", ""role"": ""Jungler""}, {""ign"": ""aqua"", ""role"": ""Middle""}, {""ign"": ""shizou"", ""role"": ""Gold Lane""}, {""ign"": ""xnova"", ""role"": ""Roamer""}]","[{""ign"": ""Jeff"", ""role"": ""Head Coach""}, {""ign"": ""Bom"", ""role"": ""Assistant Coach""}]"
136,16,Aurora,"[{""ign"": ""calad"", ""role"": ""Flex""}, {""ign"": ""edward"", ""role"": ""EXP Lane""}, {""ign"": ""demonkite"", ""role"": ""Jungler""}, {""ign"": ""yue"", ""role"": ""Middle""}, {""ign"": ""domengkite"", ""role"": ""Gold Lane""}, {""ign"": ""light"", ""role"": ""Roamer""}]","[{""ign"": ""Master the Basics"", ""role"": ""Head Coach""}, {""ign"": ""Dex Star"", ""role"": ""Assistant Coach""}]"
137,16,Omega Esports,"[{""ign"": ""peuder"", ""role"": ""Flex""}, {""ign"": ""sn4p"", ""role"": """"}, {""ign"": ""jeymz"", ""role"": ""EXP Lane""}, {""ign"": ""raizen"", ""role"": ""Jungler""}, {""ign"": ""hadji"", ""role"": ""Middle""}, {""ign"": ""netskie"", ""role"": ""Gold Lane""}, {""ign"": ""yoshinu"", ""role"": ""Roamer""}]","[{""ign"": ""Wuraaaah"", ""role"": ""Head Coach""}, {""ign"": ""Lembot"", ""role"": ""Assistant Coach""}]"
138,16,ONIC PH,"[{""ign"": ""ryota"", ""role"": ""EXP Lane""}, {""ign"": ""hate"", ""role"": ""Flex""}, {""ign"": ""ynot"", ""role"": """"}, {""ign"": ""haze"", ""role"": """"}, {""ign"": ""kirk"", ""role"": ""EXP Lane""}, {""ign"": ""k1ngkong"", ""role"": ""Jungler""}, {""ign"": ""super frince"", ""role"": ""Middle""}, {""ign"": ""kelra"", ""role"": ""Gold Lane""}, {""ign"": ""brusko"", ""role"": ""Roamer""}]",[]
139,16,Team Falcons PH,"[{""ign"": ""ferdz"", ""role"": ""EXP Lane""}, {""ign"": ""flaptzy"", ""role"": ""EXP Lane""}, {""ign"": ""kyletzy"", ""role"": ""Jungler""}, {""ign"": ""pheww"", ""role"": ""Middle""}, {""ign"": ""super marco"", ""role"": ""Gold Lane""}, {""ign"": ""owgwen"", ""role"": ""Roamer""}]","[{""ign"": ""Trebor"", ""role"": ""Head Coach""}, {""ign"": ""Coach Moody"", ""role"": ""Assistant Coach""}]"
140,16,Team Liquid PH,"[{""ign"": ""perkz"", ""role"": ""Roamer""}, {""ign"": ""tictac"", ""role"": """"}, {""ign"": ""sanford"", ""role"": ""EXP Lane""}, {""ign"": ""karltzy"", ""role"": ""Jungler""}, {""ign"": ""sanji"", ""role"": ""Middle""}, {""ign"": ""oheb"", ""role"": ""Gold Lane""}, {""ign"": ""jaypee"", ""role"": ""Roamer""}]","[{""ign"": ""Ar Sy"", ""role"": ""Head Coach""}]"
141,16,TNC Pro Team,"[{""ign"": ""vinjaz"", ""role"": ""Flex""}, {""ign"": ""3martzy"", ""role"": ""EXP Lane""}, {""ign"": ""zaida"", ""role"": ""Jungler""}, {""ign"": ""lancecy"", ""role"": ""Middle""}, {""ign"": ""bennyqt"", ""role"": ""Gold Lane""}, {""ign"": ""ch4knu"", ""role"": ""Roamer""}]","[{""ign"": ""E2MAX"", ""role"": ""Head Coach""}, {""ign"": ""Hito"", ""role"": ""Assistant Coach""}]"
142,16,Twisted Minds PH,"[{""ign"": ""sensui"", ""role"": ""Jungler""}, {""ign"": ""lansu"", ""role"": ""EXP Lane""}, {""ign"": ""mp the king"", ""role"": ""Jungler""}, {""ign"": ""sionnn"", ""role"": ""Middle""}, {""ign"": ""nosia"", ""role"": ""Gold Lane""}, {""ign"": ""caloy"", ""role"": ""Roamer""}]","[{""ign"": ""BON CHAN"", ""role"": ""Head Coach""}, {""ign"": ""ESON"", ""role"": ""Assistant Coach""}]"
143,17,AP.Bren,"[{""ign"": ""kielvj"", ""role"": ""EXP Lane""}, {""ign"": ""jamespangks"", ""role"": ""Jungler""}, {""ign"": ""aqua"", ""role"": ""Middle""}, {""ign"": ""shizou"", ""role"": ""Gold Lane""}, {""ign"": ""xnova"", ""role"": ""Roamer""}, {""ign"": ""chovskrt"", ""role"": ""Middle""}]","[{""ign"": ""Giee"", ""role"": ""Head Coach""}, {""ign"": ""Bom"", ""role"": ""Analyst""}]"
144,17,Aurora,"[{""ign"": ""edward"", ""role"": ""EXP Lane""}, {""ign"": ""demonkite"", ""role"": ""Jungler""}, {""ign"": ""yue"", ""role"": ""Middle""}, {""ign"": ""domeng"", ""role"": ""Gold Lane""}, {""ign"": ""light"", ""role"": ""Roamer""}, {""ign"": ""calad"", ""role"": ""Flex""}]","[{""ign"": ""Master the Basics"", ""role"": ""Head Coach""}, {""ign"": ""Dex Star"", ""role"": ""Assistant Coach""}]"
145,17,Omega Esports,"[{""ign"": ""jeymz"", ""role"": ""EXP Lane""}, {""ign"": ""raizen"", ""role"": ""Jungler""}, {""ign"": ""minguin"", ""role"": ""Middle""}, {""ign"": ""nets"", ""role"": ""Gold Lane""}, {""ign"": ""perkz"", ""role"": ""Roamer""}, {""ign"": ""peuder"", ""role"": ""Flex""}]","[{""ign"": ""Wuraaaah"", ""role"": ""Head Coach""}, {""ign"": ""Lembot"", ""role"": ""Assistant Coach""}]"
146,17,ONIC PH,"[{""ign"": ""kirk"", ""role"": ""EXP Lane""}, {""ign"": ""k1ngkong"", ""role"": ""Jungler""}, {""ign"": ""super frince"", ""role"": ""Middle""}, {""ign"": ""savero"", ""role"": ""Gold Lane""}, {""ign"": ""brusko"", ""role"": ""Roamer""}, {""ign"": ""ryota"", ""role"": ""EXP Lane""}]","[{""ign"": ""Haze"", ""role"": ""Head Coach""}, {""ign"": ""Bluffzy"", ""role"": ""Assistant Coach""}]"
147,17,Team Falcons PH,"[{""ign"": ""flaptzy"", ""role"": ""EXP Lane""}, {""ign"": ""kyletzy"", ""role"": ""Jungler""}, {""ign"": ""hadji"", ""role"": ""Middle""}, {""ign"": ""super marco"", ""role"": ""Gold Lane""}, {""ign"": ""owgwen"", ""role"": ""Roamer""}, {""ign"": ""ferdz"", ""role"": ""EXP Lane""}]","[{""ign"": ""Ducky"", ""role"": ""Head Coach""}, {""ign"": ""Coach Moody"", ""role"": ""Assistant Coach""}, {""ign"": ""Vren"", ""role"": ""Analyst""}]"
148,17,Team Liquid PH,"[{""ign"": ""sanford"", ""role"": ""EXP Lane""}, {""ign"": ""karltzy"", ""role"": ""Jungler""}, {""ign"": ""sanji"", ""role"": ""Middle""}, {""ign"": ""teddyqt"", ""role"": ""Gold Lane""}, {""ign"": ""jaypee"", ""role"": ""Roamer""}, {""ign"": ""dai ki"", ""role"": ""Gold Lane""}, {""ign"": ""aeronnshikii"", ""role"": ""Gold Lane""}, {""ign"": ""santi sucre"", ""role"": ""Roamer""}]","[{""ign"": ""Aeon"", ""role"": ""Head Coach""}, {""ign"": ""SN4P"", ""role"": ""Assistant Coach""}]"
149,17,TNC Pro Team,"[{""ign"": ""3martzy"", ""role"": ""EXP Lane""}, {""ign"": ""zaida"", ""role"": ""Jungler""}, {""ign"": ""lancecy"", ""role"": ""Middle""}, {""ign"": ""bennyqt"", ""role"": ""Gold Lane""}, {""ign"": ""ch4knu"", ""role"": ""Roamer""}, {""ign"": ""stowm"", ""role"": ""Middle""}]","[{""ign"": ""E2MAX"", ""role"": ""Head Coach""}, {""ign"": ""Hito"", ""role"": ""Assistant Coach""}]"
150,17,Twisted Minds PH,"[{""ign"": ""lansu"", ""role"": ""EXP Lane""}, {""ign"": ""mp the king"", ""role"": ""Jungler""}, {""ign"": ""sionnn"", ""role"": ""Middle""}, {""ign"": ""nosia"", ""role"": ""Gold Lane""}, {""ign"": ""tracy"", ""role"": ""Roamer""}, {""ign"": ""owl"", ""role"": ""Gold Lane""}, {""ign"": ""caloy"", ""role"": ""Roamer""}]","[{""ign"": ""BON CHAN"", ""role"": ""Head Coach""}, {""ign"": ""ESON"", ""role"": ""Assistant Coach""}]"
