season,source_url,source_schema,player,team,total_kills,avg_kills,total_deaths,avg_deaths,total_assists,avg_assists,kda_ratio,kill_participation,average_kills,average_deaths,average_assists,average_kda,average_damage_gold,average_teamfight,total_hero_used
5,https://ph-mpl.com/s5/data,official_data_page,DEX STAR,BLCK,17,0.85,35,1.75,124,6.2,4.03,6%,,,,,,,
5,https://ph-mpl.com/s5/data,official_data_page,KIL LER,BLCK,28,1.12,62,2.48,82,3.28,1.77,16%,,,,,,,
5,https://ph-mpl.com/s5/data,official_data_page,Aqua,BLCK,103,4.12,41,1.64,103,4.12,5.02,34%,,,,,,,
5,https://ph-mpl.com/s5/data,official_data_page,EDWARD,BLCK,47,1.88,56,2.24,139,5.56,3.32,15%,,,,,,,
5,https://ph-mpl.com/s5/data,official_data_page,HONDA BEAST,BLCK,7,0.70,18,1.8,67,6.7,4.11,4%,,,,,,,
5,https://ph-mpl.com/s5/data,official_data_page,Riddler,BLCK,55,2.75,41,2.05,73,3.65,3.12,30%,,,,,,,
5,https://ph-mpl.com/s5/data,official_data_page,OhMyV33NUS,BLCK,95,2.64,66,1.83,277,7.69,5.64,15%,,,,,,,
5,https://ph-mpl.com/s5/data,official_data_page,Wise,BLCK,85,4.25,35,1.75,94,4.7,5.11,29%,,,,,,,
5,https://ph-mpl.com/s5/data,official_data_page,Hadjizy,BLCK,132,5.28,32,1.28,127,5.08,8.09,43%,,,,,,,
5,https://ph-mpl.com/s5/data,official_data_page,Yuji,BREN,19,1.36,31,2.21,43,3.07,2.0,27%,,,,,,,
5,https://ph-mpl.com/s5/data,official_data_page,YellyHaze,BREN,36,1.44,56,2.24,183,7.32,3.91,7%,,,,,,,
5,https://ph-mpl.com/s5/data,official_data_page,Ribo,BREN,74,2.64,53,1.89,221,7.89,5.57,17%,,,,,,,
5,https://ph-mpl.com/s5/data,official_data_page,Coco,BREN,38,1.36,72,2.57,145,5.18,2.54,9%,,,,,,,
5,https://ph-mpl.com/s5/data,official_data_page,Pheww,BREN,68,2.43,75,2.68,161,5.75,3.05,17%,,,,,,,
5,https://ph-mpl.com/s5/data,official_data_page,KarlTzy,BREN,186,6.64,44,1.57,130,4.64,7.18,48%,,,,,,,
5,https://ph-mpl.com/s5/data,official_data_page,Lusty,BREN,45,1.61,58,2.07,201,7.18,4.24,10%,,,,,,,
5,https://ph-mpl.com/s5/data,official_data_page,Kap Wan,BSB,9,0.50,54,3.0,100,5.56,2.02,3%,,,,,,,
5,https://ph-mpl.com/s5/data,official_data_page,Trebor,BSB,33,1.43,76,3.3,115,5.0,1.95,14%,,,,,,,
5,https://ph-mpl.com/s5/data,official_data_page,Wilson,BSB,51,2.22,66,2.87,80,3.48,1.98,26%,,,,,,,
5,https://ph-mpl.com/s5/data,official_data_page,Shaider,BSB,43,1.87,67,2.91,86,3.74,1.93,21%,,,,,,,
5,https://ph-mpl.com/s5/data,official_data_page,Sman,BSB,11,1.83,12,2.0,35,5.83,3.83,13%,,,,,,,
5,https://ph-mpl.com/s5/data,official_data_page,Jeraxnu,BSB,71,3.23,37,1.68,81,3.68,4.11,35%,,,,,,,
5,https://ph-mpl.com/s5/data,official_data_page,E2MAX,EXE,48,2.53,66,3.47,135,7.11,2.77,12%,,,,,,,
5,https://ph-mpl.com/s5/data,official_data_page,Bennyqt,EXE,78,2.69,48,1.66,146,5.03,4.67,23%,,,,,,,
5,https://ph-mpl.com/s5/data,official_data_page,Ch4knu,EXE,32,1.10,70,2.41,221,7.62,3.61,5%,,,,,,,
5,https://ph-mpl.com/s5/data,official_data_page,S4gitnu,EXE,34,1.79,60,3.16,39,2.05,1.22,24%,,,,,,,
5,https://ph-mpl.com/s5/data,official_data_page,Hatred,EXE,171,5.90,59,2.03,102,3.52,4.63,44%,,,,,,,
5,https://ph-mpl.com/s5/data,official_data_page,Z4pnu,EXE,53,1.96,78,2.89,128,4.74,2.32,17%,,,,,,,
5,https://ph-mpl.com/s5/data,official_data_page,Cyre,EXE,8,0.67,30,2.5,71,5.92,2.63,4%,,,,,,,
5,https://ph-mpl.com/s5/data,official_data_page,Lard,EXE,7,0.88,19,2.38,25,3.12,1.68,4%,,,,,,,
5,https://ph-mpl.com/s5/data,official_data_page,Renzio,EXE,-,-,2,2.0,2,2.0,1.0,-,,,,,,,
5,https://ph-mpl.com/s5/data,official_data_page,Kielvj,EXE,112,3.73,56,1.87,160,5.33,4.86,27%,,,,,,,
5,https://ph-mpl.com/s5/data,official_data_page,Ynot,GEEK,16,0.94,65,3.82,61,3.59,1.18,13%,,,,,,,
5,https://ph-mpl.com/s5/data,official_data_page,KurtTzy,GEEK,42,2.47,48,2.82,46,2.71,1.83,24%,,,,,,,
5,https://ph-mpl.com/s5/data,official_data_page,Cktd,GEEK,22,1.16,43,2.26,59,3.11,1.88,9%,,,,,,,
5,https://ph-mpl.com/s5/data,official_data_page,Exort,GEEK,36,1.89,58,3.05,59,3.11,1.64,24%,,,,,,,
5,https://ph-mpl.com/s5/data,official_data_page,Jieo,GEEK,5,1.25,18,4.5,5,1.25,0.56,20%,,,,,,,
5,https://ph-mpl.com/s5/data,official_data_page,Dokmen,GEEK,17,0.94,76,4.22,61,3.39,1.03,14%,,,,,,,
5,https://ph-mpl.com/s5/data,official_data_page,Escanor,GEEK,22,1.05,54,2.57,53,2.52,1.39,12%,,,,,,,
5,https://ph-mpl.com/s5/data,official_data_page,Iy4knu,ONIC,109,3.03,67,1.86,156,4.33,3.96,25%,,,,,,,
5,https://ph-mpl.com/s5/data,official_data_page,Dlarskie,ONIC,97,2.69,72,2.0,169,4.69,3.69,23%,,,,,,,
5,https://ph-mpl.com/s5/data,official_data_page,Jaymeister,ONIC,36,2.12,47,2.76,114,6.71,3.19,11%,,,,,,,
5,https://ph-mpl.com/s5/data,official_data_page,Basic,ONIC,25,2.27,24,2.18,47,4.27,3.0,31%,,,,,,,
5,https://ph-mpl.com/s5/data,official_data_page,Baloyskie,ONIC,85,2.83,93,3.1,221,7.37,3.29,17%,,,,,,,
5,https://ph-mpl.com/s5/data,official_data_page,Toshi,SGD,80,3.20,49,1.96,125,5.0,4.18,25%,,,,,,,
5,https://ph-mpl.com/s5/data,official_data_page,Kenji,SGD,40,1.60,63,2.52,167,6.68,3.29,13%,,,,,,,
5,https://ph-mpl.com/s5/data,official_data_page,Heath,SGD,68,2.72,56,2.24,184,7.36,4.5,12%,,,,,,,
5,https://ph-mpl.com/s5/data,official_data_page,Crypzu,SGD,12,1.20,23,2.3,26,2.6,1.65,23%,,,,,,,
5,https://ph-mpl.com/s5/data,official_data_page,Lembot,STI,36,2.00,55,3.06,35,1.94,1.29,30%,,,,,,,
5,https://ph-mpl.com/s5/data,official_data_page,Nicssu,STI,14,0.78,47,2.61,38,2.11,1.11,20%,,,,,,,
5,https://ph-mpl.com/s5/data,official_data_page,RGP,STI,3,0.75,17,4.25,9,2.25,0.71,5%,,,,,,,
5,https://ph-mpl.com/s5/data,official_data_page,Killuash,SS,51,1.76,77,2.66,144,4.97,2.53,15%,,,,,,,
5,https://ph-mpl.com/s5/data,official_data_page,Rafflesia,SS,45,1.50,73,2.43,233,7.77,3.81,6%,,,,,,,
5,https://ph-mpl.com/s5/data,official_data_page,Jaypee,SS,158,5.27,61,2.03,162,5.4,5.25,36%,,,,,,,
5,https://ph-mpl.com/s5/data,official_data_page,Fuzaken,SS,1,0.33,12,4.0,23,7.67,2.0,-,,,,,,,
5,https://ph-mpl.com/s5/data,official_data_page,Unseen,ULVL,29,1.53,55,2.89,95,5.0,2.25,12%,,,,,,,
5,https://ph-mpl.com/s5/data,official_data_page,Chuuu,ULVL,80,3.81,52,2.48,77,3.67,3.02,39%,,,,,,,
5,https://ph-mpl.com/s5/data,official_data_page,Deb,ULVL,26,1.24,87,4.14,107,5.1,1.53,12%,,,,,,,
5,https://ph-mpl.com/s5/data,official_data_page,S3cret,ULVL,18,1.50,37,3.08,47,3.92,1.76,19%,,,,,,,
6,https://ph-mpl.com/s6/data,official_data_page,Ribo,BREN,101,2.52,49,1.23,272,6.80,7.61,16.00%,,,,,,,
6,https://ph-mpl.com/s6/data,official_data_page,Pheww,BREN,120,3.00,121,3.02,305,7.62,3.51,12.00%,,,,,,,
6,https://ph-mpl.com/s6/data,official_data_page,KarlTzy,BREN,233,5.83,69,1.73,243,6.08,6.90,34.00%,,,,,,,
6,https://ph-mpl.com/s6/data,official_data_page,Lusty,BREN,55,1.45,103,2.71,294,7.74,3.39,9.00%,,,,,,,
6,https://ph-mpl.com/s6/data,official_data_page,FlapTzy,BREN,136,3.40,94,2.35,197,4.92,3.54,29.00%,,,,,,,
6,https://ph-mpl.com/s6/data,official_data_page,Ejhay,BREN,5,2.50,7,3.50,14,7.00,2.71,14.00%,,,,,,,
6,https://ph-mpl.com/s6/data,official_data_page,OhMyV33NUS,ONIC,89,2.12,112,2.67,303,7.21,3.50,14.00%,,,,,,,
6,https://ph-mpl.com/s6/data,official_data_page,Wise,ONIC,168,4.54,69,1.86,200,5.41,5.33,26.00%,,,,,,,
6,https://ph-mpl.com/s6/data,official_data_page,Iy4knu,ONIC,129,3.07,106,2.52,196,4.67,3.07,28.00%,,,,,,,
6,https://ph-mpl.com/s6/data,official_data_page,Dlarskie,ONIC,129,3.07,91,2.17,233,5.55,3.98,23.00%,,,,,,,
6,https://ph-mpl.com/s6/data,official_data_page,Jaymeister,ONIC,74,1.76,170,4.05,283,6.74,2.10,10.00%,,,,,,,
6,https://ph-mpl.com/s6/data,official_data_page,Basic,ONIC,21,4.20,12,2.40,30,6.00,4.25,19.00%,,,,,,,
6,https://ph-mpl.com/s6/data,official_data_page,Chester,NXPE,50,1.52,133,4.03,196,5.94,1.85,11.00%,,,,,,,
6,https://ph-mpl.com/s6/data,official_data_page,H2wo,NXPE,170,5.15,61,1.85,164,4.97,5.48,31.00%,,,,,,,
6,https://ph-mpl.com/s6/data,official_data_page,Renejay,NXPE,99,3.00,83,2.52,119,3.61,2.63,31.00%,,,,,,,
6,https://ph-mpl.com/s6/data,official_data_page,Mb,NXPE,78,2.36,81,2.45,148,4.48,2.79,17.00%,,,,,,,
6,https://ph-mpl.com/s6/data,official_data_page,YAWI,NXPE,35,1.06,105,3.18,236,7.15,2.58,4.00%,,,,,,,
6,https://ph-mpl.com/s6/data,official_data_page,JIMNEST,NXPE,-,-,-,-,-,-,-,-,,,,,,,
6,https://ph-mpl.com/s6/data,official_data_page,S3cret,BNK,47,1.81,88,3.38,48,1.85,1.08,30.00%,,,,,,,
6,https://ph-mpl.com/s6/data,official_data_page,Chuuu,BNK,66,2.36,62,2.21,62,2.21,2.06,30.00%,,,,,,,
6,https://ph-mpl.com/s6/data,official_data_page,Unseen,BNK,20,1.05,60,3.16,62,3.26,1.37,14.00%,,,,,,,
6,https://ph-mpl.com/s6/data,official_data_page,Crypzu,BNK,17,0.77,66,3.00,82,3.73,1.50,8.00%,,,,,,,
6,https://ph-mpl.com/s6/data,official_data_page,Fuzaken,BNK,3,0.18,62,3.65,45,2.65,0.77,2.00%,,,,,,,
6,https://ph-mpl.com/s6/data,official_data_page,Aaronqt,BNK,29,1.04,85,3.04,66,2.36,1.12,17.00%,,,,,,,
6,https://ph-mpl.com/s6/data,official_data_page,DEX STAR,BLCK,56,1.81,61,1.97,204,6.58,4.26,10.00%,,,,,,,
6,https://ph-mpl.com/s6/data,official_data_page,KIL LER,BLCK,8,1.60,14,2.80,14,2.80,1.57,23.00%,,,,,,,
6,https://ph-mpl.com/s6/data,official_data_page,Kairi.,BLCK,168,4.67,66,1.83,153,4.25,4.86,39.00%,,,,,,,
6,https://ph-mpl.com/s6/data,official_data_page,Aqua,BLCK,91,2.53,58,1.61,161,4.47,4.34,21.00%,,,,,,,
6,https://ph-mpl.com/s6/data,official_data_page,EDWARD,BLCK,84,2.33,66,1.83,179,4.97,3.98,20.00%,,,,,,,
6,https://ph-mpl.com/s6/data,official_data_page,Eson,BLCK,44,1.22,92,2.56,245,6.81,3.14,7.00%,,,,,,,
6,https://ph-mpl.com/s6/data,official_data_page,ImbaDeejay,CIG,86,2.39,132,3.67,245,6.81,2.51,12.00%,,,,,,,
6,https://ph-mpl.com/s6/data,official_data_page,RHEA,CIG,104,2.89,101,2.81,157,4.36,2.58,28.00%,,,,,,,
6,https://ph-mpl.com/s6/data,official_data_page,tsujin,CIG,90,2.50,126,3.50,170,4.72,2.06,20.00%,,,,,,,
6,https://ph-mpl.com/s6/data,official_data_page,Bensanity,CIG,64,1.78,147,4.08,253,7.03,2.16,10.00%,,,,,,,
6,https://ph-mpl.com/s6/data,official_data_page,Hadess,CIG,181,5.03,90,2.50,199,5.53,4.22,30.00%,,,,,,,
6,https://ph-mpl.com/s6/data,official_data_page,Kap Wan,BSB,23,0.88,121,4.65,160,6.15,1.51,7.00%,,,,,,,
6,https://ph-mpl.com/s6/data,official_data_page,Trebor,BSB,46,1.77,127,4.88,166,6.38,1.67,8.00%,,,,,,,
6,https://ph-mpl.com/s6/data,official_data_page,Wilson,BSB,71,2.96,83,3.46,90,3.75,1.94,32.00%,,,,,,,
6,https://ph-mpl.com/s6/data,official_data_page,Shaider,BSB,8,0.80,38,3.80,29,2.90,0.97,22.00%,,,,,,,
6,https://ph-mpl.com/s6/data,official_data_page,Ana.,BSB,68,2.43,112,4.00,121,4.32,1.69,19.00%,,,,,,,
6,https://ph-mpl.com/s6/data,official_data_page,Drixx,BSB,123,4.73,57,2.19,125,4.81,4.35,35.00%,,,,,,,
6,https://ph-mpl.com/s6/data,official_data_page,Rafflesia,ECHO,43,1.26,134,3.94,245,7.21,2.15,7.00%,,,,,,,
6,https://ph-mpl.com/s6/data,official_data_page,Kielvj,ECHO,79,2.93,61,2.26,94,3.48,2.84,30.00%,,,,,,,
6,https://ph-mpl.com/s6/data,official_data_page,Killuash,ECHO,69,2.03,91,2.68,138,4.06,2.27,18.00%,,,,,,,
6,https://ph-mpl.com/s6/data,official_data_page,Baloyskie,ECHO,106,3.12,98,2.88,186,5.47,2.98,22.00%,,,,,,,
6,https://ph-mpl.com/s6/data,official_data_page,Jaypee,ECHO,155,4.70,74,2.24,174,5.27,4.45,27.00%,,,,,,,
6,https://ph-mpl.com/s6/data,official_data_page,Renzio,ECHO,12,1.71,9,1.29,46,6.57,6.44,16.00%,,,,,,,
6,https://ph-mpl.com/s6/data,official_data_page,E2MAX,EXE,127,2.89,165,3.75,277,6.30,2.45,17.00%,,,,,,,
6,https://ph-mpl.com/s6/data,official_data_page,Bennyqt,EXE,152,3.45,121,2.75,183,4.16,2.77,29.00%,,,,,,,
6,https://ph-mpl.com/s6/data,official_data_page,Ch4knu,EXE,57,1.30,164,3.73,303,6.89,2.20,7.00%,,,,,,,
6,https://ph-mpl.com/s6/data,official_data_page,S4gitnu,EXE,101,2.46,96,2.34,188,4.59,3.01,19.00%,,,,,,,
6,https://ph-mpl.com/s6/data,official_data_page,Hatred,EXE,197,4.48,99,2.25,218,4.95,4.19,27.00%,,,,,,,
6,https://ph-mpl.com/s6/data,official_data_page,Z4pnu,EXE,9,3.00,13,4.33,12,4.00,1.62,29.00%,,,,,,,
6,https://ph-mpl.com/s6/data,official_data_page,Kenji,OMG,11,1.57,9,1.29,36,5.14,5.22,15.00%,,,,,,,
6,https://ph-mpl.com/s6/data,official_data_page,Heath,OMG,68,1.51,98,2.18,293,6.51,3.68,9.00%,,,,,,,
6,https://ph-mpl.com/s6/data,official_data_page,Hadjizy,OMG,233,5.18,45,1.00,194,4.31,9.49,42.00%,,,,,,,
6,https://ph-mpl.com/s6/data,official_data_page,Toshi,OMG,93,2.16,83,1.93,239,5.56,4.00,14.00%,,,,,,,
6,https://ph-mpl.com/s6/data,official_data_page,YellyHaze,OMG,97,2.16,83,1.84,281,6.24,4.55,15.00%,,,,,,,
6,https://ph-mpl.com/s6/data,official_data_page,KurtTzy,OMG,84,2.10,63,1.57,166,4.15,3.97,22.00%,,,,,,,
7,https://ph-mpl.com/s7/data,official_data_page,Iy4knu,ONIC,81,2.79,91,3.14,128,4.41,2.30,15.00%,,,,,,,
7,https://ph-mpl.com/s7/data,official_data_page,Dlarskie,ONIC,89,2.47,101,2.81,194,5.39,2.80,17.00%,,,,,,,
7,https://ph-mpl.com/s7/data,official_data_page,Jaymeister,ONIC,46,1.28,104,2.89,293,8.14,3.26,22.00%,,,,,,,
7,https://ph-mpl.com/s7/data,official_data_page,Hatred,ONIC,189,5.25,87,2.42,177,4.92,4.21,23.00%,,,,,,,
7,https://ph-mpl.com/s7/data,official_data_page,Kairi.,ONIC,121,3.36,70,1.94,231,6.42,5.03,23.00%,,,,,,,
7,https://ph-mpl.com/s7/data,official_data_page,Markyyyyy,ONIC,16,2.29,10,1.43,28,4.00,4.40,20.00%,,,,,,,
7,https://ph-mpl.com/s7/data,official_data_page,Ribo,BREN,130,2.77,86,1.83,201,4.28,3.85,17.00%,,,,,,,
7,https://ph-mpl.com/s7/data,official_data_page,Pheww,BREN,106,2.26,138,2.94,297,6.32,2.92,22.00%,,,,,,,
7,https://ph-mpl.com/s7/data,official_data_page,KarlTzy,BREN,216,4.60,108,2.30,213,4.53,3.97,23.00%,,,,,,,
7,https://ph-mpl.com/s7/data,official_data_page,Lusty,BREN,58,1.23,138,2.94,315,6.70,2.70,20.00%,,,,,,,
7,https://ph-mpl.com/s7/data,official_data_page,FlapTzy,BREN,120,2.55,128,2.72,238,5.06,2.80,18.00%,,,,,,,
7,https://ph-mpl.com/s7/data,official_data_page,Ejhay,BREN,-,-,-,-,-,-,-,-,,,,,,,
7,https://ph-mpl.com/s7/data,official_data_page,Rafflesia,ECHO,41,2.05,44,2.20,115,5.75,3.55,17.00%,,,,,,,
7,https://ph-mpl.com/s7/data,official_data_page,Killuash,ECHO,65,2.10,81,2.61,116,3.74,2.23,16.00%,,,,,,,
7,https://ph-mpl.com/s7/data,official_data_page,Baloyskie,ECHO,133,2.96,169,3.76,281,6.24,2.45,22.00%,,,,,,,
7,https://ph-mpl.com/s7/data,official_data_page,Jaypee,ECHO,79,1.76,163,3.62,331,7.36,2.52,22.00%,,,,,,,
7,https://ph-mpl.com/s7/data,official_data_page,Bennyqt,ECHO,159,3.53,95,2.11,201,4.47,3.79,19.00%,,,,,,,
7,https://ph-mpl.com/s7/data,official_data_page,Hadess,ECHO,165,4.23,89,2.28,216,5.54,4.28,22.00%,,,,,,,
7,https://ph-mpl.com/s7/data,official_data_page,ImbaDeejay,CIG,30,1.25,77,3.21,160,6.67,2.47,22.00%,,,,,,,
7,https://ph-mpl.com/s7/data,official_data_page,RHEA,CIG,56,1.87,110,3.67,108,3.60,1.49,15.00%,,,,,,,
7,https://ph-mpl.com/s7/data,official_data_page,Bensanity,CIG,10,1.00,43,4.30,52,5.20,1.44,25.00%,,,,,,,
7,https://ph-mpl.com/s7/data,official_data_page,Aqua,CIG,95,3.06,82,2.65,125,4.03,2.68,22.00%,,,,,,,
7,https://ph-mpl.com/s7/data,official_data_page,Kekedot,CIG,40,1.38,107,3.69,140,4.83,1.68,20.00%,,,,,,,
7,https://ph-mpl.com/s7/data,official_data_page,JANUS,CIG,101,3.26,94,3.03,116,3.74,2.31,21.00%,,,,,,,
7,https://ph-mpl.com/s7/data,official_data_page,Light,TNC,33,0.85,134,3.44,289,7.41,2.40,20.00%,,,,,,,
7,https://ph-mpl.com/s7/data,official_data_page,Chuuu,TNC,173,4.44,84,2.15,210,5.38,4.56,25.00%,,,,,,,
7,https://ph-mpl.com/s7/data,official_data_page,P-GOD,TNC,137,3.51,110,2.82,215,5.51,3.20,22.00%,,,,,,,
7,https://ph-mpl.com/s7/data,official_data_page,3MarTzy,TNC,118,3.03,103,2.64,175,4.49,2.84,17.00%,,,,,,,
7,https://ph-mpl.com/s7/data,official_data_page,Kousei,TNC,103,2.64,89,2.28,187,4.79,3.26,16.00%,,,,,,,
7,https://ph-mpl.com/s7/data,official_data_page,Moht,TNC,-,-,-,-,-,-,-,-,,,,,,,
7,https://ph-mpl.com/s7/data,official_data_page,Lift,TNC,-,-,-,-,-,-,-,-,,,,,,,
7,https://ph-mpl.com/s7/data,official_data_page,DEX STAR,BLCK,-,-,-,-,-,-,-,-,,,,,,,
7,https://ph-mpl.com/s7/data,official_data_page,EDWARD,BLCK,148,3.08,85,1.77,194,4.04,4.02,15.00%,,,,,,,
7,https://ph-mpl.com/s7/data,official_data_page,Eson,BLCK,43,0.90,161,3.35,416,8.67,2.85,20.00%,,,,,,,
7,https://ph-mpl.com/s7/data,official_data_page,OhMyV33NUS,BLCK,84,1.75,94,1.96,392,8.17,5.06,22.00%,,,,,,,
7,https://ph-mpl.com/s7/data,official_data_page,Wise,BLCK,209,4.35,88,1.83,266,5.54,5.40,22.00%,,,,,,,
7,https://ph-mpl.com/s7/data,official_data_page,OHEB,BLCK,178,3.71,84,1.75,261,5.44,5.23,20.00%,,,,,,,
7,https://ph-mpl.com/s7/data,official_data_page,E2MAX,EXE,163,2.76,168,2.85,368,6.24,3.16,22.00%,,,,,,,
7,https://ph-mpl.com/s7/data,official_data_page,Ch4knu,EXE,47,0.80,196,3.32,429,7.27,2.43,21.00%,,,,,,,
7,https://ph-mpl.com/s7/data,official_data_page,Z4pnu,EXE,-,-,-,-,-,-,-,-,,,,,,,
7,https://ph-mpl.com/s7/data,official_data_page,Renzio,EXE,102,1.73,168,2.85,269,4.56,2.21,15.00%,,,,,,,
7,https://ph-mpl.com/s7/data,official_data_page,Kielvj,EXE,208,3.53,122,2.07,278,4.71,3.98,19.00%,,,,,,,
7,https://ph-mpl.com/s7/data,official_data_page,Kelra,EXE,210,3.56,144,2.44,259,4.39,3.26,21.00%,,,,,,,
7,https://ph-mpl.com/s7/data,official_data_page,Kenji,OMG,63,1.80,88,2.51,167,4.77,2.61,15.00%,,,,,,,
7,https://ph-mpl.com/s7/data,official_data_page,Heath,OMG,32,1.39,66,2.87,172,7.48,3.09,21.00%,,,,,,,
7,https://ph-mpl.com/s7/data,official_data_page,Hadjizy,OMG,172,4.41,72,1.85,192,4.92,5.06,23.00%,,,,,,,
7,https://ph-mpl.com/s7/data,official_data_page,Toshi,OMG,143,3.67,76,1.95,166,4.26,4.07,17.00%,,,,,,,
7,https://ph-mpl.com/s7/data,official_data_page,YellyHaze,OMG,19,0.95,98,4.90,163,8.15,1.86,22.00%,,,,,,,
7,https://ph-mpl.com/s7/data,official_data_page,KurtTzy,OMG,111,2.85,84,2.15,261,6.69,4.43,23.00%,,,,,,,
7,https://ph-mpl.com/s7/data,official_data_page,H2wo,NXPE,201,5.29,102,2.68,198,5.21,3.91,23.00%,,,,,,,
7,https://ph-mpl.com/s7/data,official_data_page,Renejay,NXPE,112,3.03,105,2.84,186,5.03,2.84,18.00%,,,,,,,
7,https://ph-mpl.com/s7/data,official_data_page,YAWI,NXPE,60,1.58,135,3.55,282,7.42,2.53,20.00%,,,,,,,
7,https://ph-mpl.com/s7/data,official_data_page,Exort,NXPE,103,3.32,97,3.13,207,6.68,3.20,23.00%,,,,,,,
7,https://ph-mpl.com/s7/data,official_data_page,LanceCy,NXPE,24,3.00,26,3.25,56,7.00,3.08,23.00%,,,,,,,
7,https://ph-mpl.com/s7/data,official_data_page,Dogie,NXPE,-,-,-,-,-,-,-,-,,,,,,,
7,https://ph-mpl.com/s7/data,official_data_page,Jeymz,NXPE,97,2.55,95,2.50,159,4.18,2.69,15.00%,,,,,,,
7,https://ph-mpl.com/s7/data,official_data_page,Yakou,LPE,7,1.00,25,3.57,28,4.00,1.40,21.00%,,,,,,,
7,https://ph-mpl.com/s7/data,official_data_page,Arvs,LPE,69,2.56,104,3.85,128,4.74,1.89,23.00%,,,,,,,
7,https://ph-mpl.com/s7/data,official_data_page,Ryota.,LPE,63,2.10,70,2.33,87,2.90,2.14,15.00%,,,,,,,
7,https://ph-mpl.com/s7/data,official_data_page,Beemo,LPE,43,1.43,125,4.17,160,5.33,1.62,23.00%,,,,,,,
7,https://ph-mpl.com/s7/data,official_data_page,JAKE THE DOG,LPE,46,1.53,87,2.90,107,3.57,1.76,16.00%,,,,,,,
7,https://ph-mpl.com/s7/data,official_data_page,Aspect,LPE,93,3.58,72,2.77,96,3.69,2.62,24.00%,,,,,,,
8,https://ph-mpl.com/s8/data,official_data_page,Ribo,BREN,62,2.00,83,2.68,139,4.48,2.42,19.00%,,,,,,,
8,https://ph-mpl.com/s8/data,official_data_page,Coco,BREN,3,1.50,5,2.50,4,2.00,1.40,10.00%,,,,,,,
8,https://ph-mpl.com/s8/data,official_data_page,Pheww,BREN,36,1.50,61,2.54,113,4.71,2.44,19.00%,,,,,,,
8,https://ph-mpl.com/s8/data,official_data_page,KarlTzy,BREN,132,4.26,68,2.19,124,4.00,3.76,24.00%,,,,,,,
8,https://ph-mpl.com/s8/data,official_data_page,Lusty,BREN,28,0.90,78,2.52,196,6.32,2.87,20.00%,,,,,,,
8,https://ph-mpl.com/s8/data,official_data_page,FlapTzy,BREN,60,1.94,73,2.35,132,4.26,2.63,19.00%,,,,,,,
8,https://ph-mpl.com/s8/data,official_data_page,Ejhay,BREN,2,1.00,15,7.50,9,4.50,0.73,26.00%,,,,,,,
8,https://ph-mpl.com/s8/data,official_data_page,Malik,BREN,18,2.00,25,2.78,32,3.56,2.00,19.00%,,,,,,,
8,https://ph-mpl.com/s8/data,official_data_page,Rimuru,BREN,2,1.00,10,5.00,5,2.50,0.70,20.00%,,,,,,,
8,https://ph-mpl.com/s8/data,official_data_page,L3bron,BREN,4,2.00,7,3.50,3,1.50,1.00,14.00%,,,,,,,
8,https://ph-mpl.com/s8/data,official_data_page,EDWARD,BLCK,129,2.58,86,1.72,238,4.76,4.27,16.00%,,,,,,,
8,https://ph-mpl.com/s8/data,official_data_page,Eson,BLCK,7,1.17,13,2.17,61,10.17,5.23,20.00%,,,,,,,
8,https://ph-mpl.com/s8/data,official_data_page,OhMyV33NUS,BLCK,62,1.24,100,2.00,443,8.86,5.05,22.00%,,,,,,,
8,https://ph-mpl.com/s8/data,official_data_page,Wise,BLCK,194,3.88,96,1.92,268,5.36,4.81,21.00%,,,,,,,
8,https://ph-mpl.com/s8/data,official_data_page,OHEB,BLCK,168,3.82,70,1.59,221,5.02,5.56,20.00%,,,,,,,
8,https://ph-mpl.com/s8/data,official_data_page,Hadjizy,BLCK,125,2.50,98,1.96,299,5.98,4.33,19.00%,,,,,,,
8,https://ph-mpl.com/s8/data,official_data_page,YellyHaze,NXPE,112,2.49,116,2.58,228,5.07,2.93,21.00%,,,,,,,
8,https://ph-mpl.com/s8/data,official_data_page,H2wo,NXPE,170,3.95,86,2.00,160,3.72,3.84,22.00%,,,,,,,
8,https://ph-mpl.com/s8/data,official_data_page,Renejay,NXPE,77,2.41,113,3.53,137,4.28,1.89,16.00%,,,,,,,
8,https://ph-mpl.com/s8/data,official_data_page,YAWI,NXPE,38,0.90,161,3.83,262,6.24,1.86,21.00%,,,,,,,
8,https://ph-mpl.com/s8/data,official_data_page,Jeymz,NXPE,31,1.41,57,2.59,106,4.82,2.40,17.00%,,,,,,,
8,https://ph-mpl.com/s8/data,official_data_page,Dogie,NXPE,18,6.00,23,7.67,26,8.67,1.91,25.00%,,,,,,,
8,https://ph-mpl.com/s8/data,official_data_page,SanFord,NXPE,2,2.00,-,-,5,5.00,7.00,19.00%,,,,,,,
8,https://ph-mpl.com/s8/data,official_data_page,Hesa,NXPE,73,2.52,42,1.45,98,3.38,4.07,19.00%,,,,,,,
8,https://ph-mpl.com/s8/data,official_data_page,Rafflesia,ECHO,26,0.81,108,3.38,204,6.38,2.13,20.00%,,,,,,,
8,https://ph-mpl.com/s8/data,official_data_page,Hadess,ECHO,125,3.47,86,2.39,160,4.44,3.31,21.00%,,,,,,,
8,https://ph-mpl.com/s8/data,official_data_page,Jaymeister,ECHO,1,0.17,29,4.83,38,6.33,1.34,18.00%,,,,,,,
8,https://ph-mpl.com/s8/data,official_data_page,KurtTzy,ECHO,70,2.00,73,2.09,145,4.14,2.95,16.00%,,,,,,,
8,https://ph-mpl.com/s8/data,official_data_page,Bennyqt,ECHO,106,2.79,69,1.82,147,3.87,3.67,18.00%,,,,,,,
8,https://ph-mpl.com/s8/data,official_data_page,FLYSOLO,ECHO,-,-,-,-,-,-,-,-,,,,,,,
8,https://ph-mpl.com/s8/data,official_data_page,Aaronqt,ECHO,10,5.00,9,4.50,8,4.00,2.00,22.00%,,,,,,,
8,https://ph-mpl.com/s8/data,official_data_page,Invoker,ECHO,3,1.00,11,3.67,13,4.33,1.45,16.00%,,,,,,,
8,https://ph-mpl.com/s8/data,official_data_page,Rk3,ECHO,81,2.25,76,2.11,192,5.33,3.59,22.00%,,,,,,,
8,https://ph-mpl.com/s8/data,official_data_page,Aspect,ECHO,2,1.00,2,1.00,4,2.00,3.00,17.00%,,,,,,,
8,https://ph-mpl.com/s8/data,official_data_page,E2MAX,OMG,96,2.09,128,2.78,273,5.93,2.88,23.00%,,,,,,,
8,https://ph-mpl.com/s8/data,official_data_page,Kielvj,OMG,80,3.64,57,2.59,96,4.36,3.09,23.00%,,,,,,,
8,https://ph-mpl.com/s8/data,official_data_page,Renzio,OMG,58,1.29,110,2.44,187,4.16,2.23,15.00%,,,,,,,
8,https://ph-mpl.com/s8/data,official_data_page,Ch4knu,OMG,37,0.82,129,2.87,296,6.58,2.58,21.00%,,,,,,,
8,https://ph-mpl.com/s8/data,official_data_page,Kelra,OMG,114,3.56,67,2.09,112,3.50,3.37,19.00%,,,,,,,
8,https://ph-mpl.com/s8/data,official_data_page,Z4pnu,OMG,12,6.00,8,4.00,22,11.00,4.25,20.00%,,,,,,,
8,https://ph-mpl.com/s8/data,official_data_page,Dian,OMG,5,1.67,14,4.67,33,11.00,2.71,23.00%,,,,,,,
8,https://ph-mpl.com/s8/data,official_data_page,Allidap,OMG,12,4.00,9,3.00,14,4.67,2.89,14.00%,,,,,,,
8,https://ph-mpl.com/s8/data,official_data_page,Raizen,OMG,147,4.32,81,2.38,134,3.94,3.47,20.00%,,,,,,,
8,https://ph-mpl.com/s8/data,official_data_page,Hito,OMG,30,3.75,52,6.50,47,5.88,1.48,24.00%,,,,,,,
8,https://ph-mpl.com/s8/data,official_data_page,Dlarskie,ONIC,54,1.86,74,2.55,114,3.93,2.27,16.00%,,,,,,,
8,https://ph-mpl.com/s8/data,official_data_page,Baloyskie,ONIC,97,2.16,170,3.78,240,5.33,1.98,21.00%,,,,,,,
8,https://ph-mpl.com/s8/data,official_data_page,Hatred,ONIC,50,2.50,38,1.90,63,3.15,2.97,17.00%,,,,,,,
8,https://ph-mpl.com/s8/data,official_data_page,Kairi.,ONIC,198,4.40,94,2.09,168,3.73,3.89,22.00%,,,,,,,
8,https://ph-mpl.com/s8/data,official_data_page,Markyyyyy,ONIC,65,2.60,54,2.16,123,4.92,3.48,18.00%,,,,,,,
8,https://ph-mpl.com/s8/data,official_data_page,Micophobia,ONIC,12,0.75,41,2.56,111,6.94,3.00,21.00%,,,,,,,
8,https://ph-mpl.com/s8/data,official_data_page,Beemo,ONIC,22,0.76,74,2.55,189,6.52,2.85,20.00%,,,,,,,
8,https://ph-mpl.com/s8/data,official_data_page,Ryota.,ONIC,33,2.06,29,1.81,71,4.44,3.59,18.00%,,,,,,,
8,https://ph-mpl.com/s8/data,official_data_page,Light,TNC,19,0.79,68,2.83,143,5.96,2.38,20.00%,,,,,,,
8,https://ph-mpl.com/s8/data,official_data_page,Chuuu,TNC,104,3.47,59,1.97,103,3.43,3.51,20.00%,,,,,,,
8,https://ph-mpl.com/s8/data,official_data_page,P-GOD,TNC,68,2.43,76,2.71,129,4.61,2.59,23.00%,,,,,,,
8,https://ph-mpl.com/s8/data,official_data_page,3MarTzy,TNC,48,2.18,41,1.86,82,3.73,3.17,19.00%,,,,,,,
8,https://ph-mpl.com/s8/data,official_data_page,Toshi,TNC,17,1.42,35,2.92,57,4.75,2.11,17.00%,,,,,,,
8,https://ph-mpl.com/s8/data,official_data_page,Kousei,TNC,51,2.55,42,2.10,74,3.70,2.98,18.00%,,,,,,,
8,https://ph-mpl.com/s8/data,official_data_page,ImbaDeejay,TNC,-,-,-,-,-,-,-,-,,,,,,,
8,https://ph-mpl.com/s8/data,official_data_page,Benthings,TNC,8,1.33,15,2.50,44,7.33,3.47,21.00%,,,,,,,
8,https://ph-mpl.com/s8/data,official_data_page,Der,TNC,18,2.25,15,1.88,31,3.88,3.27,20.00%,,,,,,,
8,https://ph-mpl.com/s8/data,official_data_page,Heath,RSG,38,1.03,110,2.97,299,8.08,3.06,22.00%,,,,,,,
8,https://ph-mpl.com/s8/data,official_data_page,Aqua,RSG,97,2.62,61,1.65,237,6.41,5.48,21.00%,,,,,,,
8,https://ph-mpl.com/s8/data,official_data_page,Iy4knu,RSG,105,3.00,70,2.00,161,4.60,3.80,18.00%,,,,,,,
8,https://ph-mpl.com/s8/data,official_data_page,Demonkite,RSG,154,4.16,62,1.68,190,5.14,5.55,22.00%,,,,,,,
8,https://ph-mpl.com/s8/data,official_data_page,Nathz,RSG,81,2.19,88,2.38,190,5.14,3.08,17.00%,,,,,,,
8,https://ph-mpl.com/s8/data,official_data_page,BON CHAN,BLCK,-,-,-,-,-,-,-,-,,,,,,,
8,https://ph-mpl.com/s8/data,official_data_page,Kenji,RSG,-,-,-,-,-,-,-,-,,,,,,,
8,https://ph-mpl.com/s8/data,official_data_page,Exort,RSG,-,-,-,-,-,-,-,-,,,,,,,
8,https://ph-mpl.com/s8/data,official_data_page,Panda,RSG,-,-,-,-,-,-,-,-,,,,,,,
8,https://ph-mpl.com/s8/data,official_data_page,Emann,RSG,-,-,-,-,-,-,-,-,,,,,,,
8,https://ph-mpl.com/s8/data,official_data_page,Wrecker,RSG,-,-,-,-,-,-,-,-,,,,,,,
9,https://ph-mpl.com/s9/data,official_data_page,Pheww,BREN,38,1.73,62,2.82,117,5.32,2.50,22.00%,,,,,,,
9,https://ph-mpl.com/s9/data,official_data_page,Lusty,BREN,2,0.25,39,4.88,47,5.88,1.26,20.00%,,,,,,,
9,https://ph-mpl.com/s9/data,official_data_page,Flap,BREN,36,1.64,75,3.41,90,4.09,1.68,16.00%,,,,,,,
9,https://ph-mpl.com/s9/data,official_data_page,LORD MALIKK,BREN,21,3.00,20,2.86,18,2.57,1.95,19.00%,,,,,,,
9,https://ph-mpl.com/s9/data,official_data_page,Saxa,BREN,74,3.08,48,2.00,87,3.62,3.35,21.00%,,,,,,,
9,https://ph-mpl.com/s9/data,official_data_page,SUPER MARCO,BREN,65,2.83,48,2.09,84,3.65,3.10,18.00%,,,,,,,
9,https://ph-mpl.com/s9/data,official_data_page,JOY BOY,BREN,26,1.13,67,2.91,156,6.78,2.72,24.00%,,,,,,,
9,https://ph-mpl.com/s9/data,official_data_page,Pandora,BREN,24,2.67,22,2.44,30,3.33,2.45,19.00%,,,,,,,
9,https://ph-mpl.com/s9/data,official_data_page,Stowm,BREN,15,1.67,23,2.56,45,5.00,2.61,22.00%,,,,,,,
9,https://ph-mpl.com/s9/data,official_data_page,Jowm,BREN,13,1.62,17,2.12,26,3.25,2.29,19.00%,,,,,,,
9,https://ph-mpl.com/s9/data,official_data_page,DEX STAR,BLCK,9,0.47,48,2.53,125,6.58,2.79,23.00%,,,,,,,
9,https://ph-mpl.com/s9/data,official_data_page,EDWARD,BLCK,62,1.68,91,2.46,147,3.97,2.30,16.00%,,,,,,,
9,https://ph-mpl.com/s9/data,official_data_page,Eson,BLCK,13,0.72,64,3.56,118,6.56,2.05,21.00%,,,,,,,
9,https://ph-mpl.com/s9/data,official_data_page,OHEB,BLCK,133,3.59,96,2.59,118,3.19,2.61,20.00%,,,,,,,
9,https://ph-mpl.com/s9/data,official_data_page,Hadji,BLCK,74,2.00,93,2.51,203,5.49,2.98,22.00%,,,,,,,
9,https://ph-mpl.com/s9/data,official_data_page,Kevier,BLCK,86,2.32,93,2.51,158,4.27,2.62,19.00%,,,,,,,
9,https://ph-mpl.com/s9/data,official_data_page,H2wo,NXPE,30,2.14,24,1.71,52,3.71,3.42,17.00%,,,,,,,
9,https://ph-mpl.com/s9/data,official_data_page,Renejay,NXPE,15,1.15,42,3.23,91,7.00,2.52,23.00%,,,,,,,
9,https://ph-mpl.com/s9/data,official_data_page,YellyHaze,NXPE,89,2.97,52,1.73,204,6.80,5.63,24.00%,,,,,,,
9,https://ph-mpl.com/s9/data,official_data_page,Hesa,NXPE,40,2.67,27,1.80,54,3.60,3.48,17.00%,,,,,,,
9,https://ph-mpl.com/s9/data,official_data_page,DONUT,NXPE,92,4.38,50,2.38,81,3.86,3.46,19.00%,,,,,,,
9,https://ph-mpl.com/s9/data,official_data_page,URESHIII,NXPE,47,2.14,50,2.27,120,5.45,3.34,18.00%,,,,,,,
9,https://ph-mpl.com/s9/data,official_data_page,S4gitnu,NXPE,21,1.50,41,2.93,65,4.64,2.10,20.00%,,,,,,,
9,https://ph-mpl.com/s9/data,official_data_page,CADENZA,NXPE,17,0.74,59,2.57,142,6.17,2.69,19.00%,,,,,,,
9,https://ph-mpl.com/s9/data,official_data_page,MP the King,NXPE,81,3.68,51,2.32,85,3.86,3.25,18.00%,,,,,,,
9,https://ph-mpl.com/s9/data,official_data_page,Elpizo,NXPE,25,2.27,15,1.36,64,5.82,5.93,25.00%,,,,,,,
9,https://ph-mpl.com/s9/data,official_data_page,Rafflesia,ECHO,-,-,-,-,-,-,-,-,,,,,,,
9,https://ph-mpl.com/s9/data,official_data_page,Killuash,ECHO,-,-,-,-,-,-,-,-,,,,,,,
9,https://ph-mpl.com/s9/data,official_data_page,Bennyqt,ECHO,99,3.00,46,1.39,166,5.03,5.76,16.00%,,,,,,,
9,https://ph-mpl.com/s9/data,official_data_page,Hadess,ECHO,-,-,-,-,-,-,-,-,,,,,,,
9,https://ph-mpl.com/s9/data,official_data_page,KurtTzy,ECHO,120,3.64,75,2.27,232,7.03,4.69,23.00%,,,,,,,
9,https://ph-mpl.com/s9/data,official_data_page,Aaronqt,ECHO,-,-,-,-,-,-,-,-,,,,,,,
9,https://ph-mpl.com/s9/data,official_data_page,Rk3,ECHO,-,-,-,-,-,-,-,-,,,,,,,
9,https://ph-mpl.com/s9/data,official_data_page,KarlTzy,ECHO,163,4.94,86,2.61,194,5.88,4.15,23.00%,,,,,,,
9,https://ph-mpl.com/s9/data,official_data_page,YAWI,ECHO,40,1.21,107,3.24,277,8.39,2.96,20.00%,,,,,,,
9,https://ph-mpl.com/s9/data,official_data_page,3MarTzy,ECHO,63,1.91,78,2.36,220,6.67,3.63,18.00%,,,,,,,
9,https://ph-mpl.com/s9/data,official_data_page,E2MAX,OMG,115,2.21,135,2.60,300,5.77,3.07,22.00%,,,,,,,
9,https://ph-mpl.com/s9/data,official_data_page,Kielvj,OMG,2,1.00,4,2.00,1,0.50,0.75,12.00%,,,,,,,
9,https://ph-mpl.com/s9/data,official_data_page,Renzio,OMG,96,1.78,131,2.43,230,4.26,2.49,17.00%,,,,,,,
9,https://ph-mpl.com/s9/data,official_data_page,Ch4knu,OMG,40,0.74,148,2.74,328,6.07,2.49,20.00%,,,,,,,
9,https://ph-mpl.com/s9/data,official_data_page,Kelra,OMG,160,2.96,102,1.89,179,3.31,3.32,17.00%,,,,,,,
9,https://ph-mpl.com/s9/data,official_data_page,Z4pnu,OMG,-,-,-,-,-,-,-,-,,,,,,,
9,https://ph-mpl.com/s9/data,official_data_page,Allidap,OMG,-,-,-,-,-,-,-,-,,,,,,,
9,https://ph-mpl.com/s9/data,official_data_page,Raizen,OMG,155,2.98,115,2.21,239,4.60,3.43,22.00%,,,,,,,
9,https://ph-mpl.com/s9/data,official_data_page,OUTPLAYED!,OMG,-,-,-,-,-,-,-,-,,,,,,,
9,https://ph-mpl.com/s9/data,official_data_page,Amethyst,OMG,4,2.00,5,2.50,6,3.00,2.00,23.00%,,,,,,,
9,https://ph-mpl.com/s9/data,official_data_page,Dlarskie,ONIC,86,2.10,87,2.12,199,4.85,3.28,18.00%,,,,,,,
9,https://ph-mpl.com/s9/data,official_data_page,Baloyskie,ONIC,54,1.17,208,4.52,353,7.67,1.96,22.00%,,,,,,,
9,https://ph-mpl.com/s9/data,official_data_page,Hatred,ONIC,118,2.62,107,2.38,270,6.00,3.63,23.00%,,,,,,,
9,https://ph-mpl.com/s9/data,official_data_page,Kairi.,ONIC,197,4.10,100,2.08,221,4.60,4.18,21.00%,,,,,,,
9,https://ph-mpl.com/s9/data,official_data_page,Markyyyyy,ONIC,116,2.42,112,2.33,223,4.65,3.03,17.00%,,,,,,,
9,https://ph-mpl.com/s9/data,official_data_page,Micophobia,ONIC,7,2.33,4,1.33,20,6.67,6.75,24.00%,,,,,,,
9,https://ph-mpl.com/s9/data,official_data_page,Beemo,ONIC,4,2.00,8,4.00,14,7.00,2.25,22.00%,,,,,,,
9,https://ph-mpl.com/s9/data,official_data_page,Ryota.,ONIC,7,1.00,25,3.57,45,6.43,2.08,14.00%,,,,,,,
9,https://ph-mpl.com/s9/data,official_data_page,SDzyz,TNC,116,2.64,71,1.61,169,3.84,4.01,22.00%,,,,,,,
9,https://ph-mpl.com/s9/data,official_data_page,Benthings,TNC,40,0.91,94,2.14,241,5.48,2.99,21.00%,,,,,,,
9,https://ph-mpl.com/s9/data,official_data_page,Escalera,TNC,85,1.93,119,2.70,212,4.82,2.50,22.00%,,,,,,,
9,https://ph-mpl.com/s9/data,official_data_page,Kramm,TNC,78,1.77,97,2.20,164,3.73,2.49,17.00%,,,,,,,
9,https://ph-mpl.com/s9/data,official_data_page,Yasuwo,TNC,107,2.43,72,1.64,124,2.82,3.21,16.00%,,,,,,,
9,https://ph-mpl.com/s9/data,official_data_page,KingSalman,TNC,-,-,-,-,-,-,-,-,,,,,,,
9,https://ph-mpl.com/s9/data,official_data_page,Kenji,RSG,9,1.80,8,1.60,20,4.00,3.62,14.00%,,,,,,,
9,https://ph-mpl.com/s9/data,official_data_page,Heath,RSG,-,-,-,-,-,-,-,-,,,,,,,
9,https://ph-mpl.com/s9/data,official_data_page,Aqua,RSG,97,2.55,39,1.03,272,7.16,9.46,23.00%,,,,,,,
9,https://ph-mpl.com/s9/data,official_data_page,Exort,RSG,-,-,-,-,-,-,-,-,,,,,,,
9,https://ph-mpl.com/s9/data,official_data_page,Demonkite,RSG,151,3.51,62,1.44,261,6.07,6.65,20.00%,,,,,,,
9,https://ph-mpl.com/s9/data,official_data_page,Emann,RSG,161,3.93,52,1.27,175,4.27,6.46,18.00%,,,,,,,
9,https://ph-mpl.com/s9/data,official_data_page,Nathz,RSG,90,2.37,69,1.82,219,5.76,4.48,18.00%,,,,,,,
9,https://ph-mpl.com/s9/data,official_data_page,Wrecker,RSG,-,-,-,-,-,-,-,-,,,,,,,
9,https://ph-mpl.com/s9/data,official_data_page,Light,RSG,35,0.81,94,2.19,318,7.40,3.76,19.00%,,,,,,,
9,https://ph-mpl.com/s9/data,official_data_page,Kousei,RSG,14,7.00,3,1.50,5,2.50,6.33,26.00%,,,,,,,
10,https://ph-mpl.com/s10/data,official_data_page,Pheww,BREN,104,2.12,127,2.59,234,4.78,2.66,70.42%,,,,,,,
10,https://ph-mpl.com/s10/data,official_data_page,FlapTzy,BREN,6,3.00,2,1.00,5,2.50,5.50,37.93%,,,,,,,
10,https://ph-mpl.com/s10/data,official_data_page,Saxa,BREN,8,4.00,8,4.00,8,4.00,2.00,55.17%,,,,,,,
10,https://ph-mpl.com/s10/data,official_data_page,Super Marco,BREN,122,3.05,54,1.35,130,3.25,4.67,61.02%,,,,,,,
10,https://ph-mpl.com/s10/data,official_data_page,JOY BOY,BREN,1,0.50,5,2.50,17,8.50,3.60,62.07%,,,,,,,
10,https://ph-mpl.com/s10/data,official_data_page,Pandora,BREN,72,1.47,117,2.39,190,3.88,2.24,54.58%,,,,,,,
10,https://ph-mpl.com/s10/data,official_data_page,Stowm,BREN,6,3.00,9,4.50,15,7.50,2.33,72.41%,,,,,,,
10,https://ph-mpl.com/s10/data,official_data_page,Jowm,BREN,31,2.82,23,2.09,29,2.64,2.61,62.50%,,,,,,,
10,https://ph-mpl.com/s10/data,official_data_page,KyleTzy,BREN,119,2.43,99,2.02,202,4.12,3.24,66.88%,,,,,,,
10,https://ph-mpl.com/s10/data,official_data_page,Owgwen,BREN,40,0.82,130,2.65,286,5.84,2.51,67.92%,,,,,,,
10,https://ph-mpl.com/s10/data,official_data_page,DEX STAR,BLCK,-,-,-,-,-,-,-,-,,,,,,,
10,https://ph-mpl.com/s10/data,official_data_page,EDWARD,BLCK,118,2.46,93,1.94,221,4.60,3.65,55.12%,,,,,,,
10,https://ph-mpl.com/s10/data,official_data_page,ESON,BLCK,-,-,-,-,-,-,-,-,,,,,,,
10,https://ph-mpl.com/s10/data,official_data_page,OHMYV33NUS,BLCK,53,1.10,132,2.75,456,9.50,3.86,82.76%,,,,,,,
10,https://ph-mpl.com/s10/data,official_data_page,WISE,BLCK,105,2.19,93,1.94,303,6.31,4.39,66.34%,,,,,,,
10,https://ph-mpl.com/s10/data,official_data_page,OHEB,BLCK,181,3.77,85,1.77,232,4.83,4.86,67.15%,,,,,,,
10,https://ph-mpl.com/s10/data,official_data_page,HADJI,BLCK,158,3.29,96,2.00,303,6.31,4.80,74.96%,,,,,,,
10,https://ph-mpl.com/s10/data,official_data_page,KEVIER,BLCK,-,-,-,-,-,-,-,-,,,,,,,
10,https://ph-mpl.com/s10/data,official_data_page,H2wo,NXPE,36,2.12,45,2.65,55,3.24,2.02,51.12%,,,,,,,
10,https://ph-mpl.com/s10/data,official_data_page,RENEJAY,NXPE,21,0.95,69,3.14,67,3.05,1.28,51.76%,,,,,,,
10,https://ph-mpl.com/s10/data,official_data_page,LanceCy,NXPE,3,1.50,8,4.00,9,4.50,1.50,60.00%,,,,,,,
10,https://ph-mpl.com/s10/data,official_data_page,BATUTE,NXPE,2,1.00,14,7.00,10,5.00,0.86,60.00%,,,,,,,
10,https://ph-mpl.com/s10/data,official_data_page,Jeymz,NXPE,31,1.82,40,2.35,64,3.76,2.38,53.37%,,,,,,,
10,https://ph-mpl.com/s10/data,official_data_page,YellyHaze,NXPE,64,2.00,63,1.97,136,4.25,3.17,74.63%,,,,,,,
10,https://ph-mpl.com/s10/data,official_data_page,DONUT,NXPE,80,2.35,70,2.06,110,3.24,2.71,65.97%,,,,,,,
10,https://ph-mpl.com/s10/data,official_data_page,Elpizo,NXPE,3,0.30,27,2.70,29,2.90,1.19,68.09%,,,,,,,
10,https://ph-mpl.com/s10/data,official_data_page,Kzen,NXPE,36,2.12,35,2.06,40,2.35,2.17,69.09%,,,,,,,
10,https://ph-mpl.com/s10/data,official_data_page,Micophobia,NXPE,12,0.71,66,3.88,94,5.53,1.61,65.84%,,,,,,,
10,https://ph-mpl.com/s10/data,official_data_page,Jaypee,ECHO,11,1.22,35,3.89,61,6.78,2.06,67.29%,,,,,,,
10,https://ph-mpl.com/s10/data,official_data_page,Bennyqt,ECHO,144,3.35,60,1.40,164,3.81,5.13,62.99%,,,,,,,
10,https://ph-mpl.com/s10/data,official_data_page,KurtTzy,ECHO,27,3.00,17,1.89,53,5.89,4.71,74.77%,,,,,,,
10,https://ph-mpl.com/s10/data,official_data_page,KarlTzy,ECHO,119,2.77,90,2.09,210,4.88,3.66,67.28%,,,,,,,
10,https://ph-mpl.com/s10/data,official_data_page,Yawi,ECHO,38,0.88,132,3.07,259,6.02,2.25,60.74%,,,,,,,
10,https://ph-mpl.com/s10/data,official_data_page,3Mar,ECHO,21,2.33,15,1.67,38,4.22,3.93,55.14%,,,,,,,
10,https://ph-mpl.com/s10/data,official_data_page,Zaida,ECHO,19,2.11,10,1.11,47,5.22,6.60,61.68%,,,,,,,
10,https://ph-mpl.com/s10/data,official_data_page,Sanford,ECHO,93,2.16,95,2.21,200,4.65,3.08,59.92%,,,,,,,
10,https://ph-mpl.com/s10/data,official_data_page,Sanji,ECHO,95,2.21,83,1.93,260,6.05,4.28,72.60%,,,,,,,
10,https://ph-mpl.com/s10/data,official_data_page,Outplayed,ECHO,29,3.22,21,2.33,51,5.67,3.81,74.77%,,,,,,,
10,https://ph-mpl.com/s10/data,official_data_page,E2MAX,OMG,38,1.65,61,2.65,129,5.61,2.74,69.87%,,,,,,,
10,https://ph-mpl.com/s10/data,official_data_page,KIELVJ,OMG,44,2.75,21,1.31,62,3.88,5.05,65.43%,,,,,,,
10,https://ph-mpl.com/s10/data,official_data_page,RENZIO,OMG,43,1.10,94,2.41,159,4.08,2.15,50.37%,,,,,,,
10,https://ph-mpl.com/s10/data,official_data_page,CH4KNU,OMG,21,0.81,62,2.38,156,6.00,2.85,68.60%,,,,,,,
10,https://ph-mpl.com/s10/data,official_data_page,KELRA,OMG,115,2.95,61,1.56,146,3.74,4.28,65.09%,,,,,,,
10,https://ph-mpl.com/s10/data,official_data_page,Z4PNU,OMG,-,-,-,-,-,-,-,-,,,,,,,
10,https://ph-mpl.com/s10/data,official_data_page,Raizen,OMG,131,3.36,91,2.33,144,3.69,3.02,68.58%,,,,,,,
10,https://ph-mpl.com/s10/data,official_data_page,MIKKO,OMG,9,0.69,32,2.46,79,6.08,2.75,61.54%,,,,,,,
10,https://ph-mpl.com/s10/data,official_data_page,Ryota.,ONIC,28,1.40,27,1.35,84,4.20,4.15,56.28%,,,,,,,
10,https://ph-mpl.com/s10/data,official_data_page,Rapidoot,ONIC,23,0.61,93,2.45,258,6.79,3.02,70.78%,,,,,,,
10,https://ph-mpl.com/s10/data,official_data_page,Nets,ONIC,135,3.55,65,1.71,135,3.55,4.15,68.01%,,,,,,,
10,https://ph-mpl.com/s10/data,official_data_page,Sensui,ONIC,74,1.95,74,1.95,198,5.21,3.68,68.51%,,,,,,,
10,https://ph-mpl.com/s10/data,official_data_page,SUPER FRINCE,ONIC,111,2.92,54,1.42,214,5.63,6.02,81.86%,,,,,,,
10,https://ph-mpl.com/s10/data,official_data_page,Der,ONIC,26,1.44,30,1.67,67,3.72,3.10,46.97%,,,,,,,
10,https://ph-mpl.com/s10/data,official_data_page,Kekedoot,ONIC,-,-,-,-,-,-,-,-,,,,,,,
10,https://ph-mpl.com/s10/data,official_data_page,CH00X,ONIC,-,-,-,-,-,-,-,-,,,,,,,
10,https://ph-mpl.com/s10/data,official_data_page,SDzyz,TNC,68,2.00,65,1.91,113,3.32,2.78,61.36%,,,,,,,
10,https://ph-mpl.com/s10/data,official_data_page,Benthings,TNC,25,0.81,95,3.06,137,4.42,1.71,63.78%,,,,,,,
10,https://ph-mpl.com/s10/data,official_data_page,Escalera,TNC,50,1.79,83,2.96,122,4.36,2.07,66.67%,,,,,,,
10,https://ph-mpl.com/s10/data,official_data_page,Kramm,TNC,53,1.56,100,2.94,103,3.03,1.56,52.88%,,,,,,,
10,https://ph-mpl.com/s10/data,official_data_page,Yasuwo,TNC,84,2.47,68,2.00,102,3.00,2.74,63.05%,,,,,,,
10,https://ph-mpl.com/s10/data,official_data_page,KingSalman,TNC,15,1.67,19,2.11,41,4.56,2.95,71.79%,,,,,,,
10,https://ph-mpl.com/s10/data,official_data_page,Kenji,RSG,8,1.14,15,2.14,37,5.29,3.00,53.57%,,,,,,,
10,https://ph-mpl.com/s10/data,official_data_page,Aqua,RSG,145,3.09,56,1.19,344,7.32,8.73,77.25%,,,,,,,
10,https://ph-mpl.com/s10/data,official_data_page,Exort,RSG,16,5.33,7,2.33,21,7.00,5.29,68.52%,,,,,,,
10,https://ph-mpl.com/s10/data,official_data_page,Demonkite,RSG,202,4.21,97,2.02,262,5.46,4.78,70.84%,,,,,,,
10,https://ph-mpl.com/s10/data,official_data_page,Emann,RSG,133,3.09,78,1.81,242,5.63,4.81,64.32%,,,,,,,
10,https://ph-mpl.com/s10/data,official_data_page,Nathzz,RSG,119,2.77,101,2.35,246,5.72,3.61,60.53%,,,,,,,
10,https://ph-mpl.com/s10/data,official_data_page,Light,RSG,29,0.60,159,3.31,414,8.62,2.79,67.63%,,,,,,,
10,https://ph-mpl.com/s10/data,official_data_page,Kousei,RSG,25,3.57,9,1.29,44,6.29,7.67,66.35%,,,,,,,
10,https://ph-mpl.com/s10/data,official_data_page,1rrad,RSG,6,3.00,-,-,11,5.50,17.00,53.12%,,,,,,,
10,https://ph-mpl.com/s10/data,official_data_page,Perkz,RSG,4,2.00,5,2.50,17,8.50,4.20,65.62%,,,,,,,
11,https://ph-mpl.com/s11/data,official_data_page,EDWARD,BLCK,,,,,,,,,2.12,1.98,4.72,3.46,3.33,66.07%,7.0
11,https://ph-mpl.com/s11/data,official_data_page,OHMYV33NUS,BLCK,,,,,,,,,0.53,2.62,8.09,3.29,2.89,81.49%,10.0
11,https://ph-mpl.com/s11/data,official_data_page,WISE,BLCK,,,,,,,,,1.51,2.21,5.57,3.2,2.62,67.00%,11.0
11,https://ph-mpl.com/s11/data,official_data_page,RENEJAY,BLCK,,,,,,,,,1.5,2.25,5.0,2.89,2.94,50.00%,3.0
11,https://ph-mpl.com/s11/data,official_data_page,Yue,BLCK,,,,,,,,,3.21,1.55,5.38,5.53,5.75,81.29%,5.0
11,https://ph-mpl.com/s11/data,official_data_page,ARCHER,BLCK,,,,,,,,,0.0,0.0,0.0,0.0,0.0,0.00%,0.0
11,https://ph-mpl.com/s11/data,official_data_page,Pheww,BREN,,,,,,,,,2.37,2.22,6.0,3.77,4.99,73.13%,9.0
11,https://ph-mpl.com/s11/data,official_data_page,FlapTzy,BREN,,,,,,,,,1.39,2.21,6.03,3.36,3.23,64.09%,8.0
11,https://ph-mpl.com/s11/data,official_data_page,Super Marco,BREN,,,,,,,,,4.27,1.63,3.54,4.78,3.94,68.23%,10.0
11,https://ph-mpl.com/s11/data,official_data_page,Pandora,BREN,,,,,,,,,1.0,3.0,5.0,2.0,2.65,62.07%,3.0
11,https://ph-mpl.com/s11/data,official_data_page,KyleTzy,BREN,,,,,,,,,2.9,1.54,4.29,4.68,2.92,62.90%,12.0
11,https://ph-mpl.com/s11/data,official_data_page,Owgwen,BREN,,,,,,,,,0.76,1.83,7.29,4.4,2.41,70.36%,10.0
11,https://ph-mpl.com/s11/data,official_data_page,Bennyqt,ECHO,,,,,,,,,4.15,1.4,4.37,6.07,4.11,64.02%,10.0
11,https://ph-mpl.com/s11/data,official_data_page,KarlTzy,ECHO,,,,,,,,,2.27,2.0,6.31,4.29,3.01,64.45%,14.0
11,https://ph-mpl.com/s11/data,official_data_page,Yawi,ECHO,,,,,,,,,0.77,2.94,7.98,2.97,2.33,65.75%,13.0
11,https://ph-mpl.com/s11/data,official_data_page,Sanford,ECHO,,,,,,,,,2.46,2.44,5.5,3.26,3.59,59.83%,8.0
11,https://ph-mpl.com/s11/data,official_data_page,Sanji,ECHO,,,,,,,,,3.65,1.67,5.75,5.62,5.3,70.66%,10.0
11,https://ph-mpl.com/s11/data,official_data_page,Jian,ECHO,,,,,,,,,0.0,0.0,0.0,0.0,0.0,0.00%,0.0
11,https://ph-mpl.com/s11/data,official_data_page,YellyHazeDR,NXPE,,,,,,,,,2.7,2.7,5.2,2.93,4.91,94.05%,5.0
11,https://ph-mpl.com/s11/data,official_data_page,GoyongDR,NXPE,,,,,,,,,3.31,2.04,4.73,3.94,5.08,70.13%,6.0
11,https://ph-mpl.com/s11/data,official_data_page,BoyetDR,NXPE,,,,,,,,,1.72,2.28,5.17,3.02,2.05,64.92%,10.0
11,https://ph-mpl.com/s11/data,official_data_page,DomengDR,NXPE,,,,,,,,,4.06,1.61,3.22,4.52,4.9,68.59%,6.0
11,https://ph-mpl.com/s11/data,official_data_page,BruskoDR,NXPE,,,,,,,,,0.42,2.58,6.94,2.85,2.06,69.37%,10.0
11,https://ph-mpl.com/s11/data,official_data_page,DingDR,NXPE,,,,,,,,,1.53,2.75,4.25,2.1,2.72,54.45%,6.0
11,https://ph-mpl.com/s11/data,official_data_page,Raizen,OMG,,,,,,,,,1.73,2.27,4.22,2.62,2.22,63.22%,10.0
11,https://ph-mpl.com/s11/data,official_data_page,Kelra,OMG,,,,,,,,,3.59,1.51,3.22,4.5,4.3,72.41%,9.0
11,https://ph-mpl.com/s11/data,official_data_page,Renzio,OMG,,,,,,,,,1.3,3.13,3.93,1.67,3.14,55.48%,9.0
11,https://ph-mpl.com/s11/data,official_data_page,Mikko,OMG,,,,,,,,,0.7,2.54,5.7,2.52,1.96,68.10%,14.0
11,https://ph-mpl.com/s11/data,official_data_page,Stowm,OMG,,,,,,,,,2.03,1.97,4.78,3.45,5.82,72.41%,7.0
11,https://ph-mpl.com/s11/data,official_data_page,Louis,OMG,,,,,,,,,1.57,2.43,4.43,2.47,2.66,64.62%,5.0
11,https://ph-mpl.com/s11/data,official_data_page,Ryota,ONIC,,,,,,,,,1.82,2.82,4.56,2.26,3.34,68.45%,11.0
11,https://ph-mpl.com/s11/data,official_data_page,Nets,ONIC,,,,,,,,,2.89,1.45,3.5,4.42,4.19,68.84%,7.0
11,https://ph-mpl.com/s11/data,official_data_page,Sensui,ONIC,,,,,,,,,1.34,2.39,5.11,2.69,2.34,69.41%,8.0
11,https://ph-mpl.com/s11/data,official_data_page,Super Frince,ONIC,,,,,,,,,2.42,1.34,5.18,5.67,5.54,81.87%,5.0
11,https://ph-mpl.com/s11/data,official_data_page,Der,ONIC,,,,,,,,,1.5,3.5,5.75,2.07,3.66,80.56%,3.0
11,https://ph-mpl.com/s11/data,official_data_page,Kekedoot,ONIC,,,,,,,,,0.84,3.68,5.95,1.84,2.16,73.09%,9.0
11,https://ph-mpl.com/s11/data,official_data_page,Pancake,ONIC,,,,,,,,,0.0,0.0,0.0,0.0,0.0,0.00%,0.0
11,https://ph-mpl.com/s11/data,official_data_page,BOSS A.,ONIC,,,,,,,,,0.0,0.0,0.0,0.0,0.0,0.00%,0.0
11,https://ph-mpl.com/s11/data,official_data_page,Emann,RSG,,,,,,,,,4.24,1.76,4.0,4.68,4.61,67.10%,7.0
11,https://ph-mpl.com/s11/data,official_data_page,Nathzz,RSG,,,,,,,,,2.2,2.38,6.58,3.69,3.56,71.50%,14.0
11,https://ph-mpl.com/s11/data,official_data_page,Exort,RSG,,,,,,,,,2.6,1.96,6.24,4.51,5.15,71.99%,6.0
11,https://ph-mpl.com/s11/data,official_data_page,Light,RSG,,,,,,,,,0.64,2.86,7.9,2.99,1.91,69.54%,8.0
11,https://ph-mpl.com/s11/data,official_data_page,H2wo,RSG,,,,,,,,,1.96,2.21,5.93,3.56,2.35,68.42%,6.0
11,https://ph-mpl.com/s11/data,official_data_page,Kouzen,RSG,,,,,,,,,0.0,0.0,0.0,0.0,0.0,0.00%,0.0
11,https://ph-mpl.com/s11/data,official_data_page,Kirk,RSG,,,,,,,,,0.0,0.0,0.0,0.0,0.0,0.00%,0.0
11,https://ph-mpl.com/s11/data,official_data_page,Benthings,TNC,,,,,,,,,0.78,2.96,5.85,2.24,2.13,69.11%,10.0
11,https://ph-mpl.com/s11/data,official_data_page,Escalera,TNC,,,,,,,,,1.64,3.08,5.68,2.38,4.63,68.28%,9.0
11,https://ph-mpl.com/s11/data,official_data_page,Kramm,TNC,,,,,,,,,1.92,3.83,4.92,1.78,3.32,63.57%,5.0
11,https://ph-mpl.com/s11/data,official_data_page,Ninjakilla,TNC,,,,,,,,,2.33,3.0,3.17,1.83,3.4,53.23%,5.0
11,https://ph-mpl.com/s11/data,official_data_page,K1NGKONG,TNC,,,,,,,,,2.85,1.81,3.74,3.63,2.73,68.73%,14.0
11,https://ph-mpl.com/s11/data,official_data_page,Hesu,TNC,,,,,,,,,0.84,2.84,4.63,1.93,3.15,58.43%,11.0
11,https://ph-mpl.com/s11/data,official_data_page,Innocent,TNC,,,,,,,,,3.2,2.32,3.56,2.91,4.38,68.98%,8.0
11,https://ph-mpl.com/s11/data,official_data_page,SAXAJAGO,TNC,,,,,,,,,2.5,4.0,4.75,1.81,4.01,60.42%,3.0
11,https://ph-mpl.com/s11/data,official_data_page,Riku,TNC,,,,,,,,,3.5,4.0,5.5,2.25,6.0,75.00%,3.0
11,https://ph-mpl.com/s11/data,official_data_page,Goyo,TNC,,,,,,,,,1.83,1.83,2.0,2.09,3.92,58.97%,4.0
11,https://ph-mpl.com/s11/data,official_data_page,Super Red,BLCK,,,,,,,,,3.05,1.7,3.3,3.74,3.51,58.26%,5.0
12,https://ph-mpl.com/s12/data,official_data_page,LanceCyAR,MNNE,,,,,,,,,1.78,1.33,3.85,4.22,5.37,80.42%,9.0
12,https://ph-mpl.com/s12/data,official_data_page,KzenAR,MNNE,,,,,,,,,1.28,1.22,3.94,4.27,2.38,70.15%,4.0
12,https://ph-mpl.com/s12/data,official_data_page,GoyongAR,MNNE,,,,,,,,,2.25,2.75,4.25,2.36,5.97,72.22%,4.0
12,https://ph-mpl.com/s12/data,official_data_page,BoyetAR,MNNE,,,,,,,,,1.69,2.23,3.08,2.14,2.48,68.13%,6.0
12,https://ph-mpl.com/s12/data,official_data_page,DomengAR,MNNE,,,,,,,,,2.61,1.07,2.75,5.0,4.66,71.77%,7.0
12,https://ph-mpl.com/s12/data,official_data_page,BruskoAR,MNNE,,,,,,,,,0.54,2.69,3.69,1.57,2.23,60.44%,6.0
12,https://ph-mpl.com/s12/data,official_data_page,Lord JMAR,MNNE,,,,,,,,,1.52,1.93,2.93,2.3,3.25,62.02%,11.0
12,https://ph-mpl.com/s12/data,official_data_page,SumpakAR,MNNE,,,,,,,,,0.33,1.33,3.33,2.75,2.05,68.75%,2.0
12,https://ph-mpl.com/s12/data,official_data_page,Spider-MilezAR,MNNE,,,,,,,,,0.44,1.22,6.28,5.5,2.68,90.30%,6.0
12,https://ph-mpl.com/s12/data,official_data_page,LansuAR,MNNE,,,,,,,,,1.0,4.0,4.5,1.38,3.12,64.71%,2.0
12,https://ph-mpl.com/s12/data,official_data_page,Jaypee,ECHO,,,,,,,,,1.25,2.52,7.17,3.34,2.71,69.92%,11.0
12,https://ph-mpl.com/s12/data,official_data_page,Bennyqt,ECHO,,,,,,,,,3.36,1.64,3.67,4.27,3.94,59.18%,8.0
12,https://ph-mpl.com/s12/data,official_data_page,KarlTzy,ECHO,,,,,,,,,2.27,2.03,5.59,3.88,3.17,64.67%,7.0
12,https://ph-mpl.com/s12/data,official_data_page,Yawi,ECHO,,,,,,,,,1.33,3.0,5.33,2.22,2.16,64.52%,2.0
12,https://ph-mpl.com/s12/data,official_data_page,SanFord,ECHO,,,,,,,,,2.38,2.0,5.41,3.89,3.65,64.00%,8.0
12,https://ph-mpl.com/s12/data,official_data_page,Sanji,ECHO,,,,,,,,,2.65,1.65,6.41,5.49,6.29,74.44%,8.0
12,https://ph-mpl.com/s12/data,official_data_page,Pheww,APBR,,,,,,,,,2.08,1.82,5.87,4.38,5.6,76.07%,11.0
12,https://ph-mpl.com/s12/data,official_data_page,FlapTzy,APBR,,,,,,,,,1.36,2.39,4.42,2.42,3.28,56.52%,10.0
12,https://ph-mpl.com/s12/data,official_data_page,Super Marco,APBR,,,,,,,,,3.97,1.42,2.95,4.87,4.35,66.25%,8.0
12,https://ph-mpl.com/s12/data,official_data_page,Pando,APBR,,,,,,,,,2.5,2.0,6.0,4.25,3.23,58.62%,1.0
12,https://ph-mpl.com/s12/data,official_data_page,KyleTzy,APBR,,,,,,,,,2.29,1.79,5.08,4.12,3.22,70.53%,9.0
12,https://ph-mpl.com/s12/data,official_data_page,Owgwen,APBR,,,,,,,,,0.68,2.11,6.92,3.61,2.6,72.80%,13.0
12,https://ph-mpl.com/s12/data,official_data_page,Mumukid,APBR,,,,,,,,,0.0,0.0,0.0,0.0,0.0,0.00%,0.0
12,https://ph-mpl.com/s12/data,official_data_page,EMANN,RSG,,,,,,,,,3.4,1.86,3.47,3.69,4.43,67.05%,9.0
12,https://ph-mpl.com/s12/data,official_data_page,Aqua,RSG,,,,,,,,,2.07,1.09,5.74,7.15,5.05,76.36%,7.0
12,https://ph-mpl.com/s12/data,official_data_page,Nathzz,RSG,,,,,,,,,1.74,2.14,4.21,2.78,3.27,58.18%,11.0
12,https://ph-mpl.com/s12/data,official_data_page,Light,RSG,,,,,,,,,0.81,2.33,6.67,3.22,2.33,73.18%,10.0
12,https://ph-mpl.com/s12/data,official_data_page,1rrad,RSG,,,,,,,,,2.18,2.42,4.32,2.68,2.96,63.50%,11.0
12,https://ph-mpl.com/s12/data,official_data_page,rTzy,RSG,,,,,,,,,0.0,0.0,0.0,0.0,0.0,0.00%,0.0
12,https://ph-mpl.com/s12/data,official_data_page,Souuul,RSG,,,,,,,,,0.0,0.0,0.0,0.0,0.0,0.00%,0.0
12,https://ph-mpl.com/s12/data,official_data_page,Ch4knu,OMG,,,,,,,,,0.4,2.17,5.89,2.89,2.15,69.18%,12.0
12,https://ph-mpl.com/s12/data,official_data_page,E2MAX,OMG,,,,,,,,,1.85,1.64,6.0,4.8,6.23,85.48%,11.0
12,https://ph-mpl.com/s12/data,official_data_page,Kelra,OMG,,,,,,,,,3.54,1.63,3.2,4.14,4.9,74.21%,10.0
12,https://ph-mpl.com/s12/data,official_data_page,Ribo,OMG,,,,,,,,,0.5,2.5,3.0,1.4,3.6,46.67%,2.0
12,https://ph-mpl.com/s12/data,official_data_page,Ryota.,OMG,,,,,,,,,1.63,2.6,3.49,1.97,3.36,56.29%,10.0
12,https://ph-mpl.com/s12/data,official_data_page,Jowm,OMG,,,,,,,,,1.0,1.5,1.75,1.83,4.57,61.11%,2.0
12,https://ph-mpl.com/s12/data,official_data_page,ANDORYUUU,OMG,,,,,,,,,2.19,2.44,4.81,2.87,3.2,64.37%,7.0
12,https://ph-mpl.com/s12/data,official_data_page,SPIDEYYY,OMG,,,,,,,,,0.0,0.0,0.0,0.0,0.0,0.00%,0.0
12,https://ph-mpl.com/s12/data,official_data_page,Rapidoot,ONIC,,,,,,,,,0.36,2.18,5.36,2.62,2.21,72.41%,7.0
12,https://ph-mpl.com/s12/data,official_data_page,Nets,ONIC,,,,,,,,,3.02,1.52,3.26,4.12,4.24,93.29%,7.0
12,https://ph-mpl.com/s12/data,official_data_page,SUPER FRINCE,ONIC,,,,,,,,,1.76,0.95,5.57,7.74,5.46,112.92%,8.0
12,https://ph-mpl.com/s12/data,official_data_page,BOSS A.,ONIC,,,,,,,,,0.0,0.0,0.0,0.0,0.0,0.00%,0.0
12,https://ph-mpl.com/s12/data,official_data_page,Raizen,ONIC,,,,,,,,,2.12,1.9,4.38,3.41,2.25,96.47%,7.0
12,https://ph-mpl.com/s12/data,official_data_page,Escalera,ONIC,,,,,,,,,1.17,2.58,4.33,2.13,3.48,60.55%,7.0
12,https://ph-mpl.com/s12/data,official_data_page,Kramm,ONIC,,,,,,,,,1.47,2.29,4.0,2.38,2.93,61.59%,7.0
12,https://ph-mpl.com/s12/data,official_data_page,Perkziva,ONIC,,,,,,,,,0.83,2.33,6.83,3.29,2.26,70.77%,4.0
12,https://ph-mpl.com/s12/data,official_data_page,YOSHINU,ONIC,,,,,,,,,0.83,2.33,5.33,2.64,1.95,170.77%,6.0
12,https://ph-mpl.com/s12/data,official_data_page,JEM,ONIC,,,,,,,,,1.24,1.64,4.56,3.54,3.3,109.85%,6.0
12,https://ph-mpl.com/s12/data,official_data_page,EDWARD,BLCK,,,,,,,,,1.81,1.89,3.67,2.9,3.15,61.95%,9.0
12,https://ph-mpl.com/s12/data,official_data_page,OHEB,BLCK,,,,,,,,,3.42,1.58,3.22,4.19,4.67,75.16%,10.0
12,https://ph-mpl.com/s12/data,official_data_page,Hadji,BLCK,,,,,,,,,2.13,1.57,5.3,4.75,5.2,77.03%,6.0
12,https://ph-mpl.com/s12/data,official_data_page,Renejay,BLCK,,,,,,,,,0.92,1.64,6.14,4.31,2.76,79.87%,12.0
12,https://ph-mpl.com/s12/data,official_data_page,Yue,BLCK,,,,,,,,,1.73,1.2,5.8,6.28,6.3,97.41%,6.0
12,https://ph-mpl.com/s12/data,official_data_page,Owl,BLCK,,,,,,,,,4.0,2.0,4.5,4.25,5.56,85.00%,2.0
12,https://ph-mpl.com/s12/data,official_data_page,Sensui,BLCK,,,,,,,,,1.24,2.14,4.97,2.9,2.46,70.59%,5.0
12,https://ph-mpl.com/s12/data,official_data_page,Eyon,BLCK,,,,,,,,,0.0,0.0,0.0,0.0,0.0,0.00%,0.0
12,https://ph-mpl.com/s12/data,official_data_page,Kimpoy,BLCK,,,,,,,,,0.33,1.67,6.33,4.0,2.3,100.00%,2.0
12,https://ph-mpl.com/s12/data,official_data_page,Benthings,TNC,,,,,,,,,0.67,2.63,4.57,1.99,2.21,69.16%,11.0
12,https://ph-mpl.com/s12/data,official_data_page,K1NGKONG,TNC,,,,,,,,,2.17,1.93,3.43,2.9,3.3,74.01%,8.0
12,https://ph-mpl.com/s12/data,official_data_page,Hesu,TNC,,,,,,,,,0.44,2.94,3.06,1.19,3.52,57.14%,9.0
12,https://ph-mpl.com/s12/data,official_data_page,Innocent,TNC,,,,,,,,,2.73,2.13,2.8,2.59,4.64,73.13%,8.0
12,https://ph-mpl.com/s12/data,official_data_page,Goyo,TNC,,,,,,,,,1.67,2.0,4.03,2.85,4.95,75.33%,6.0
12,https://ph-mpl.com/s12/data,official_data_page,Bao,TNC,,,,,,,,,0.0,0.0,0.0,0.0,0.0,0.00%,0.0
13,https://ph-mpl.com/s13/data,official_data_page,Pheww,APBR,,,,,,,,,1.75,1.79,5.77,4.2,0.0,70.92%,11.0
13,https://ph-mpl.com/s13/data,official_data_page,FlapTzy,APBR,,,,,,,,,2.27,2.12,4.68,3.28,0.0,64.33%,13.0
13,https://ph-mpl.com/s13/data,official_data_page,SuperMarco,APBR,,,,,,,,,3.38,0.92,3.71,7.73,0.0,66.80%,9.0
13,https://ph-mpl.com/s13/data,official_data_page,Pando,APBR,,,,,,,,,1.86,1.43,2.86,3.3,0.0,50.00%,5.0
13,https://ph-mpl.com/s13/data,official_data_page,KyleTzy,APBR,,,,,,,,,1.88,1.65,5.92,4.73,0.0,73.48%,9.0
13,https://ph-mpl.com/s13/data,official_data_page,Owgwen,APBR,,,,,,,,,1.4,1.71,6.4,4.56,0.0,73.48%,12.0
13,https://ph-mpl.com/s13/data,official_data_page,Edward,BLCK,,,,,,,,,2.0,2.27,3.49,2.41,0.0,58.21%,12.0
13,https://ph-mpl.com/s13/data,official_data_page,Eson,BLCK,,,,,,,,,0.0,0.0,0.0,0.0,0.0,0.00%,0.0
13,https://ph-mpl.com/s13/data,official_data_page,Oheb,BLCK,,,,,,,,,3.16,1.96,3.49,3.39,0.0,70.48%,11.0
13,https://ph-mpl.com/s13/data,official_data_page,Hadji,BLCK,,,,,,,,,1.41,2.77,6.68,2.92,0.0,79.11%,13.0
13,https://ph-mpl.com/s13/data,official_data_page,Yue,BLCK,,,,,,,,,1.69,1.71,5.88,4.44,0.0,80.25%,9.0
13,https://ph-mpl.com/s13/data,official_data_page,Sensui,BLCK,,,,,,,,,1.37,2.53,5.2,2.6,0.0,69.65%,8.0
13,https://ph-mpl.com/s13/data,official_data_page,Kimpoy,BLCK,,,,,,,,,0.0,3.0,3.29,1.1,0.0,74.19%,6.0
13,https://ph-mpl.com/s13/data,official_data_page,Jaypee,ECHO,,,,,,,,,0.74,2.43,7.5,3.38,0.0,75.20%,13.0
13,https://ph-mpl.com/s13/data,official_data_page,Bennyqt,ECHO,,,,,,,,,3.29,1.08,3.74,6.51,0.0,61.24%,7.0
13,https://ph-mpl.com/s13/data,official_data_page,KarlTzy,ECHO,,,,,,,,,2.14,2.41,6.16,3.45,0.0,70.41%,9.0
13,https://ph-mpl.com/s13/data,official_data_page,Zaida,ECHO,,,,,,,,,3.25,1.62,4.12,4.54,0.0,86.76%,5.0
13,https://ph-mpl.com/s13/data,official_data_page,SanFord,ECHO,,,,,,,,,2.71,2.36,4.96,3.25,0.0,68.45%,11.0
13,https://ph-mpl.com/s13/data,official_data_page,Sanji,ECHO,,,,,,,,,2.26,1.48,6.41,5.87,0.0,79.17%,8.0
13,https://ph-mpl.com/s13/data,official_data_page,Outplayed,ECHO,,,,,,,,,2.88,1.0,3.12,6.0,0.0,70.59%,3.0
13,https://ph-mpl.com/s13/data,official_data_page,Ejjj,ECHO,,,,,,,,,0.0,0.0,0.0,0.0,0.0,0.00%,0.0
13,https://ph-mpl.com/s13/data,official_data_page,Lancecy,MNNE,,,,,,,,,2.0,1.93,5.29,3.78,0.0,83.61%,7.0
13,https://ph-mpl.com/s13/data,official_data_page,Haze,MNNE,,,,,,,,,1.55,1.91,4.91,3.38,0.0,74.74%,5.0
13,https://ph-mpl.com/s13/data,official_data_page,Kzen,MNNE,,,,,,,,,1.53,2.31,4.47,2.6,0.0,72.24%,5.0
13,https://ph-mpl.com/s13/data,official_data_page,Domeng,MNNE,,,,,,,,,2.88,1.64,3.15,3.69,0.0,71.84%,10.0
13,https://ph-mpl.com/s13/data,official_data_page,Sumpak,MNNE,,,,,,,,,4.0,1.67,3.67,4.6,0.0,74.19%,2.0
13,https://ph-mpl.com/s13/data,official_data_page,Spidermilez,MNNE,,,,,,,,,0.96,1.32,6.5,5.65,0.0,85.66%,9.0
13,https://ph-mpl.com/s13/data,official_data_page,Kirk,MNNE,,,,,,,,,1.72,2.47,4.61,2.56,0.0,71.92%,12.0
13,https://ph-mpl.com/s13/data,official_data_page,Perkziva,MNNE,,,,,,,,,0.36,3.0,5.18,1.85,0.0,64.21%,5.0
13,https://ph-mpl.com/s13/data,official_data_page,Koyl,MNNE,,,,,,,,,3.67,3.0,7.0,3.56,0.0,80.00%,2.0
13,https://ph-mpl.com/s13/data,official_data_page,Vane,MNNE,,,,,,,,,2.0,4.33,4.33,1.46,0.0,86.36%,2.0
13,https://ph-mpl.com/s13/data,official_data_page,LOUIS,OMG,,,,,,,,,1.1,1.4,2.0,2.21,0.0,62.00%,6.0
13,https://ph-mpl.com/s13/data,official_data_page,RIBO,OMG,,,,,,,,,0.43,0.86,6.0,7.5,0.0,88.24%,3.0
13,https://ph-mpl.com/s13/data,official_data_page,RYOTA,OMG,,,,,,,,,2.33,2.76,3.81,2.22,0.0,61.72%,9.0
13,https://ph-mpl.com/s13/data,official_data_page,JOWM,OMG,,,,,,,,,2.68,2.36,3.64,2.68,0.0,70.54%,7.0
13,https://ph-mpl.com/s13/data,official_data_page,MARKED,OMG,,,,,,,,,0.36,3.29,4.36,1.43,0.0,68.04%,11.0
13,https://ph-mpl.com/s13/data,official_data_page,RAYL,OMG,,,,,,,,,1.0,1.4,2.6,2.57,0.0,72.00%,8.0
13,https://ph-mpl.com/s13/data,official_data_page,MATT,OMG,,,,,,,,,1.5,2.5,2.1,1.44,0.0,72.00%,6.0
13,https://ph-mpl.com/s13/data,official_data_page,WEST,OMG,,,,,,,,,2.0,1.17,1.17,2.71,0.0,54.29%,3.0
13,https://ph-mpl.com/s13/data,official_data_page,H2WO,OMG,,,,,,,,,2.57,3.0,3.57,2.05,0.0,84.31%,5.0
13,https://ph-mpl.com/s13/data,official_data_page,EXORT,OMG,,,,,,,,,0.67,2.33,4.33,2.14,0.0,78.95%,3.0
13,https://ph-mpl.com/s13/data,official_data_page,Super Frince,ONIC,,,,,,,,,2.21,1.12,5.44,6.84,0.0,82.28%,13.0
13,https://ph-mpl.com/s13/data,official_data_page,BOSS A.,ONIC,,,,,,,,,0.0,0.0,0.0,0.0,0.0,0.00%,0.0
13,https://ph-mpl.com/s13/data,official_data_page,Escalera,ONIC,,,,,,,,,1.03,2.76,6.0,2.54,0.0,75.63%,15.0
13,https://ph-mpl.com/s13/data,official_data_page,Jem,ONIC,,,,,,,,,1.47,1.79,3.91,3.0,0.0,57.91%,8.0
13,https://ph-mpl.com/s13/data,official_data_page,Kingkong,ONIC,,,,,,,,,1.7,1.61,5.33,4.38,0.0,73.42%,10.0
13,https://ph-mpl.com/s13/data,official_data_page,Kelra,ONIC,,,,,,,,,2.94,1.18,3.26,5.28,0.0,66.77%,9.0
13,https://ph-mpl.com/s13/data,official_data_page,Aqua,RSG,,,,,,,,,2.75,1.12,6.2,7.96,0.0,78.68%,11.0
13,https://ph-mpl.com/s13/data,official_data_page,Nathzz,RSG,,,,,,,,,2.51,2.34,4.83,3.14,0.0,64.04%,7.0
13,https://ph-mpl.com/s13/data,official_data_page,Demonkite,RSG,,,,,,,,,1.66,1.59,6.43,5.09,0.0,71.77%,7.0
13,https://ph-mpl.com/s13/data,official_data_page,Light,RSG,,,,,,,,,1.09,2.02,6.45,3.73,0.0,66.94%,12.0
13,https://ph-mpl.com/s13/data,official_data_page,Kusey,RSG,,,,,,,,,3.32,1.32,3.8,5.4,0.0,63.10%,7.0
13,https://ph-mpl.com/s13/data,official_data_page,rTzy,RSG,,,,,,,,,2.25,0.5,7.75,20.0,0.0,97.56%,3.0
13,https://ph-mpl.com/s13/data,official_data_page,Nibor,RSG,,,,,,,,,2.33,1.33,4.0,4.75,0.0,73.08%,3.0
13,https://ph-mpl.com/s13/data,official_data_page,Yasuwo,TNC,,,,,,,,,1.67,1.22,0.78,2.0,0.0,47.83%,6.0
13,https://ph-mpl.com/s13/data,official_data_page,Goyo,TNC,,,,,,,,,1.0,1.5,5.0,4.0,0.0,66.67%,3.0
13,https://ph-mpl.com/s13/data,official_data_page,SUPER YOSHI,TNC,,,,,,,,,0.39,3.18,5.54,1.87,0.0,75.45%,11.0
13,https://ph-mpl.com/s13/data,official_data_page,Raizen,TNC,,,,,,,,,1.41,2.91,3.75,1.77,0.0,67.35%,5.0
13,https://ph-mpl.com/s13/data,official_data_page,Nomed,TNC,,,,,,,,,2.04,2.15,3.11,2.4,0.0,62.05%,12.0
13,https://ph-mpl.com/s13/data,official_data_page,HEADS,TNC,,,,,,,,,1.97,1.94,3.28,2.71,0.0,68.57%,9.0
13,https://ph-mpl.com/s13/data,official_data_page,Hatred,TNC,,,,,,,,,1.86,2.0,3.71,2.79,0.0,74.64%,12.0
14,https://ph-mpl.com/s14/data,official_data_page,Pheww,FCAP,49,1.44,64,1.88,225,6.62,4.28,71.92%,,,,,,,
14,https://ph-mpl.com/s14/data,official_data_page,KyleTzy,FCAP,134,3.94,55,1.62,155,4.56,5.25,75.85%,,,,,,,
14,https://ph-mpl.com/s14/data,official_data_page,Owgwen,FCAP,33,0.97,92,2.71,235,6.91,2.91,70.34%,,,,,,,
14,https://ph-mpl.com/s14/data,official_data_page,Super Marco,FCAP,108,3.18,30,0.88,125,3.68,7.77,61.15%,,,,,,,
14,https://ph-mpl.com/s14/data,official_data_page,FlapTzy,FCAP,57,1.68,95,2.79,185,5.44,2.55,63.52%,,,,,,,
14,https://ph-mpl.com/s14/data,official_data_page,Pando,FCAP,-,-,-,-,-,-,-,-,,,,,,,
14,https://ph-mpl.com/s14/data,official_data_page,KarlTzy,TLPH,90,3.91,55,2.39,103,4.48,3.51,67.96%,,,,,,,
14,https://ph-mpl.com/s14/data,official_data_page,Jaypee,TLPH,23,0.77,101,3.37,241,8.03,2.61,69.29%,,,,,,,
14,https://ph-mpl.com/s14/data,official_data_page,Sanford,TLPH,54,1.80,97,3.23,224,7.47,2.87,72.97%,,,,,,,
14,https://ph-mpl.com/s14/data,official_data_page,Sanji,TLPH,81,2.70,61,2.03,224,7.47,5.00,80.05%,,,,,,,
14,https://ph-mpl.com/s14/data,official_data_page,Bennyqt,TLPH,101,3.37,43,1.43,125,4.17,5.26,59.32%,,,,,,,
14,https://ph-mpl.com/s14/data,official_data_page,Zaida,TLPH,32,4.57,17,2.43,34,4.86,3.88,68.04%,,,,,,,
14,https://ph-mpl.com/s14/data,official_data_page,Spider-Milez,FNOP,-,-,4,2.00,22,11.00,5.50,81.48%,,,,,,,
14,https://ph-mpl.com/s14/data,official_data_page,K1NGKONG,FNOP,158,4.65,38,1.12,138,4.06,7.79,69.00%,,,,,,,
14,https://ph-mpl.com/s14/data,official_data_page,Super Frince,FNOP,75,2.21,35,1.03,250,7.35,9.29,75.76%,,,,,,,
14,https://ph-mpl.com/s14/data,official_data_page,Kirk,FNOP,56,1.65,80,2.35,211,6.21,3.34,62.24%,,,,,,,
14,https://ph-mpl.com/s14/data,official_data_page,Kelra,FNOP,123,3.62,37,1.09,160,4.71,7.65,65.97%,,,,,,,
14,https://ph-mpl.com/s14/data,official_data_page,Brusko,FNOP,17,0.53,81,2.53,241,7.53,3.19,64.18%,,,,,,,
14,https://ph-mpl.com/s14/data,official_data_page,Ch4knu,OMG,27,0.82,99,3.00,284,8.61,3.14,74.94%,,,,,,,
14,https://ph-mpl.com/s14/data,official_data_page,Andoryuuu,OMG,164,4.97,60,1.82,136,4.12,5.00,72.29%,,,,,,,
14,https://ph-mpl.com/s14/data,official_data_page,UK1R,OMG,67,2.09,38,1.19,252,7.88,8.39,78.38%,,,,,,,
14,https://ph-mpl.com/s14/data,official_data_page,RYOTA,OMG,61,1.85,83,2.52,186,5.64,2.98,59.52%,,,,,,,
14,https://ph-mpl.com/s14/data,official_data_page,JOWM,OMG,95,2.88,56,1.70,170,5.15,4.73,63.86%,,,,,,,
14,https://ph-mpl.com/s14/data,official_data_page,RIBO,OMG,-,-,-,-,-,-,-,-,,,,,,,
14,https://ph-mpl.com/s14/data,official_data_page,Hadji,BLCK,60,1.88,55,1.72,155,4.84,3.91,74.14%,,,,,,,
14,https://ph-mpl.com/s14/data,official_data_page,Oheb,BLCK,74,2.96,37,1.48,86,3.44,4.32,63.49%,,,,,,,
14,https://ph-mpl.com/s14/data,official_data_page,MP the King,BLCK,99,3.09,77,2.41,126,3.94,2.92,77.59%,,,,,,,
14,https://ph-mpl.com/s14/data,official_data_page,Perkz,BLCK,7,0.29,62,2.58,164,6.83,2.76,71.25%,,,,,,,
14,https://ph-mpl.com/s14/data,official_data_page,Dlar,BLCK,2,0.50,13,3.25,10,2.50,0.92,52.17%,,,,,,,
14,https://ph-mpl.com/s14/data,official_data_page,OUTPLAYED,BLCK,6,0.86,6,0.86,23,3.29,4.83,76.32%,,,,,,,
14,https://ph-mpl.com/s14/data,official_data_page,Lord JM,BLCK,29,1.04,91,3.25,148,5.29,1.95,66.29%,,,,,,,
14,https://ph-mpl.com/s14/data,official_data_page,Marktzy,BLCK,-,-,-,-,-,-,-,-,,,,,,,
14,https://ph-mpl.com/s14/data,official_data_page,Kimpoy,BLCK,-,-,-,-,-,-,-,-,,,,,,,
14,https://ph-mpl.com/s14/data,official_data_page,Exort,BLCK,13,1.62,15,1.88,23,2.88,2.40,72.00%,,,,,,,
14,https://ph-mpl.com/s14/data,official_data_page,Escalera,TNC,29,0.85,127,3.74,187,5.50,1.70,67.92%,,,,,,,
14,https://ph-mpl.com/s14/data,official_data_page,Kouzen,TNC,90,2.65,58,1.71,107,3.15,3.40,61.95%,,,,,,,
14,https://ph-mpl.com/s14/data,official_data_page,Kzen,TNC,55,2.62,50,2.38,73,3.48,2.56,69.19%,,,,,,,
14,https://ph-mpl.com/s14/data,official_data_page,Heads,TNC,50,1.47,116,3.41,139,4.09,1.63,59.43%,,,,,,,
14,https://ph-mpl.com/s14/data,official_data_page,Hatred,TNC,27,1.80,30,2.00,77,5.13,3.47,72.73%,,,,,,,
14,https://ph-mpl.com/s14/data,official_data_page,LanceCy,TNC,31,1.63,46,2.42,94,4.95,2.72,71.43%,,,,,,,
14,https://ph-mpl.com/s14/data,official_data_page,SDzyz,TNC,36,2.77,36,2.77,58,4.46,2.61,70.68%,,,,,,,
14,https://ph-mpl.com/s14/data,official_data_page,Light,RSG PH,32,0.97,101,3.06,171,5.18,2.01,71.73%,,,,,,,
14,https://ph-mpl.com/s14/data,official_data_page,AQUA,RSG PH,52,1.58,54,1.64,191,5.79,4.50,85.87%,,,,,,,
14,https://ph-mpl.com/s14/data,official_data_page,Kusey,RSG PH,59,1.79,44,1.33,106,3.21,3.75,58.30%,,,,,,,
14,https://ph-mpl.com/s14/data,official_data_page,1rrad,RSG PH,96,2.91,78,2.36,99,3.00,2.50,68.90%,,,,,,,
14,https://ph-mpl.com/s14/data,official_data_page,Nibor,RSG PH,36,1.29,78,2.79,154,5.50,2.44,76.00%,,,,,,,
14,https://ph-mpl.com/s14/data,official_data_page,Nathzz,RSG PH,8,1.60,12,2.40,18,3.60,2.17,78.79%,,,,,,,
14,https://ph-mpl.com/s14/data,official_data_page,Renejay,RORA,30,0.83,129,3.58,238,6.61,2.08,68.89%,,,,,,,
14,https://ph-mpl.com/s14/data,official_data_page,Demonkite,RORA,145,4.03,61,1.69,141,3.92,4.69,73.52%,,,,,,,
14,https://ph-mpl.com/s14/data,official_data_page,Domeng,RORA,91,2.53,45,1.25,145,4.03,5.24,60.67%,,,,,,,
14,https://ph-mpl.com/s14/data,official_data_page,Edward1,RORA,55,1.53,96,2.67,208,5.78,2.74,67.61%,,,,,,,
14,https://ph-mpl.com/s14/data,official_data_page,Yue,RORA,68,1.89,48,1.33,233,6.47,6.27,77.38%,,,,,,,
14,https://ph-mpl.com/s14/data,official_data_page,Benthings,RORA,-,-,-,-,-,-,-,-,,,,,,,
15,https://ph-mpl.com/s15/data,official_data_page,Der.,APBR,40,1.25,102,3.19,147,4.59,1.83,61.92%,,,,,,,
15,https://ph-mpl.com/s15/data,official_data_page,chovskrt,APBR,43,1.39,69,2.23,195,6.29,3.45,79.33%,,,,,,,
15,https://ph-mpl.com/s15/data,official_data_page,kkd0t,APBR,23,0.74,148,4.77,178,5.74,1.36,68.60%,,,,,,,
15,https://ph-mpl.com/s15/data,official_data_page,JamesPangks,APBR,105,3.28,79,2.47,143,4.47,3.14,82.12%,,,,,,,
15,https://ph-mpl.com/s15/data,official_data_page,shizou,APBR,89,2.78,62,1.94,119,3.72,3.35,68.87%,,,,,,,
15,https://ph-mpl.com/s15/data,official_data_page,Sindel.,APBR,2,1.00,5,2.50,6,3.00,1.60,72.73%,,,,,,,
15,https://ph-mpl.com/s15/data,official_data_page,UK1R,OMG,72,2.18,54,1.64,191,5.79,4.87,80.92%,,,,,,,
15,https://ph-mpl.com/s15/data,official_data_page,JOWM,OMG,111,3.36,59,1.79,109,3.30,3.73,67.69%,,,,,,,
15,https://ph-mpl.com/s15/data,official_data_page,Louis,OMG,39,1.18,102,3.09,153,4.64,1.88,59.08%,,,,,,,
15,https://ph-mpl.com/s15/data,official_data_page,Ch4knu,OMG,1,0.12,43,5.38,30,3.75,0.72,65.96%,,,,,,,
15,https://ph-mpl.com/s15/data,official_data_page,Andoryuuu,OMG,93,2.82,91,2.76,138,4.18,2.54,71.08%,,,,,,,
15,https://ph-mpl.com/s15/data,official_data_page,SuperYoshi,OMG,9,0.36,94,3.76,176,7.04,1.97,66.55%,,,,,,,
15,https://ph-mpl.com/s15/data,official_data_page,Renejay,RORA,30,0.70,140,3.26,334,7.77,2.60,69.20%,,,,,,,
15,https://ph-mpl.com/s15/data,official_data_page,Edward,RORA,77,1.79,106,2.47,268,6.23,3.25,65.59%,,,,,,,
15,https://ph-mpl.com/s15/data,official_data_page,Demonkite,RORA,139,3.23,73,1.70,218,5.07,4.89,67.87%,,,,,,,
15,https://ph-mpl.com/s15/data,official_data_page,Yue,RORA,88,2.05,62,1.44,337,7.84,6.85,80.80%,,,,,,,
15,https://ph-mpl.com/s15/data,official_data_page,Domengkite,RORA,192,4.47,60,1.40,169,3.93,6.02,68.63%,,,,,,,
15,https://ph-mpl.com/s15/data,official_data_page,Calad,RORA,-,-,-,-,-,-,-,-,,,,,,,
15,https://ph-mpl.com/s15/data,official_data_page,LanceCy,TNC,63,1.62,70,1.79,290,7.44,5.04,78.79%,,,,,,,
15,https://ph-mpl.com/s15/data,official_data_page,Kouzen,TNC,57,4.07,16,1.14,58,4.14,7.19,71.43%,,,,,,,
15,https://ph-mpl.com/s15/data,official_data_page,Zaida,TNC,104,3.25,62,1.94,165,5.16,4.34,77.30%,,,,,,,
15,https://ph-mpl.com/s15/data,official_data_page,LordJM.,TNC,28,1.27,61,2.77,126,5.73,2.52,56.62%,,,,,,,
15,https://ph-mpl.com/s15/data,official_data_page,Koyl,TNC,33,4.71,13,1.86,40,5.71,5.62,73.00%,,,,,,,
15,https://ph-mpl.com/s15/data,official_data_page,3MarTzy,TNC,29,1.71,47,2.76,98,5.76,2.70,72.16%,,,,,,,
15,https://ph-mpl.com/s15/data,official_data_page,Yawi,TNC,23,0.59,164,4.21,271,6.95,1.79,65.62%,,,,,,,
15,https://ph-mpl.com/s15/data,official_data_page,KarlTzy,TLPH,193,3.51,101,1.84,330,6.00,5.18,72.24%,,,,,,,
15,https://ph-mpl.com/s15/data,official_data_page,Jaypee,TLPH,50,0.89,174,3.11,450,8.04,2.87,69.06%,,,,,,,
15,https://ph-mpl.com/s15/data,official_data_page,Sanji,TLPH,122,2.18,117,2.09,418,7.46,4.62,74.59%,,,,,,,
15,https://ph-mpl.com/s15/data,official_data_page,Sanford,TLPH,81,1.45,153,2.73,375,6.70,2.98,62.98%,,,,,,,
15,https://ph-mpl.com/s15/data,official_data_page,Oheb,TLPH,292,5.21,86,1.54,229,4.09,6.06,71.96%,,,,,,,
15,https://ph-mpl.com/s15/data,official_data_page,YukTzy,TLPH,-,-,-,-,-,-,-,-,,,,,,,
15,https://ph-mpl.com/s15/data,official_data_page,MPtheKing.,TWIS.,100,2.78,75,2.08,161,4.47,3.48,72.10%,,,,,,,
15,https://ph-mpl.com/s15/data,official_data_page,Escalera,TWIS.,32,0.94,99,2.91,199,5.85,2.33,64.89%,,,,,,,
15,https://ph-mpl.com/s15/data,official_data_page,Outplayed,TWIS.,120,3.33,64,1.78,138,3.83,4.03,71.27%,,,,,,,
15,https://ph-mpl.com/s15/data,official_data_page,Jeymz,TWIS.,54,1.42,121,3.18,191,5.03,2.02,64.99%,,,,,,,
15,https://ph-mpl.com/s15/data,official_data_page,Hadjizy,TWIS.,61,1.61,74,1.95,207,5.45,3.62,71.09%,,,,,,,
15,https://ph-mpl.com/s15/data,official_data_page,Sensui,TWIS.,7,1.17,23,3.83,21,3.50,1.22,77.78%,,,,,,,
15,https://ph-mpl.com/s15/data,official_data_page,Jamal,TWIS.,3,1.50,6,3.00,6,3.00,1.50,60.00%,,,,,,,
15,https://ph-mpl.com/s15/data,official_data_page,Pheww,FLCN.,84,1.58,119,2.25,377,7.11,3.87,68.91%,,,,,,,
15,https://ph-mpl.com/s15/data,official_data_page,SuperMarco,FLCN.,258,4.87,69,1.30,187,3.53,6.45,66.52%,,,,,,,
15,https://ph-mpl.com/s15/data,official_data_page,FlapTzy,FLCN.,69,1.35,136,2.67,347,6.80,3.06,64.40%,,,,,,,
15,https://ph-mpl.com/s15/data,official_data_page,KyleTzy,FLCN.,207,3.91,100,1.89,270,5.09,4.77,71.30%,,,,,,,
15,https://ph-mpl.com/s15/data,official_data_page,Owgwen,FLCN.,46,0.92,150,3.00,382,7.64,2.85,68.15%,,,,,,,
15,https://ph-mpl.com/s15/data,official_data_page,Pandora,FLCN.,5,1.00,21,4.20,36,7.20,1.95,64.06%,,,,,,,
15,https://ph-mpl.com/s15/data,official_data_page,SuperFrince,ONIC,109,2.02,79,1.46,373,6.91,6.10,73.03%,,,,,,,
15,https://ph-mpl.com/s15/data,official_data_page,Kelra,ONIC,241,4.46,76,1.41,217,4.02,6.03,69.39%,,,,,,,
15,https://ph-mpl.com/s15/data,official_data_page,K1NGKONG,ONIC,187,3.46,84,1.56,244,4.52,5.13,65.30%,,,,,,,
15,https://ph-mpl.com/s15/data,official_data_page,Kirk,ONIC,86,1.59,140,2.59,325,6.02,2.94,62.27%,,,,,,,
15,https://ph-mpl.com/s15/data,official_data_page,Brusko,ONIC,37,0.69,168,3.11,367,6.80,2.40,61.21%,,,,,,,
15,https://ph-mpl.com/s15/data,official_data_page,Hate,ONIC,-,-,-,-,-,-,-,-,,,,,,,
15,https://ph-mpl.com/s15/data,official_data_page,Bennyqt,TNC,117,4.68,37,1.48,83,3.32,5.41,69.69%,,,,,,,
17,https://ph-mpl.com/data,official_data_page,SuperFrince,ONIC PH,74,2.39,40,1.29,223,7.19,7.42,82.04%,,,,,,,
17,https://ph-mpl.com/data,official_data_page,K1NGKONG,ONIC PH,106,3.42,34,1.10,164,5.29,7.94,74.59%,,,,,,,
17,https://ph-mpl.com/data,official_data_page,Brusko,ONIC PH,23,0.74,112,3.61,235,7.58,2.30,71.27%,,,,,,,
17,https://ph-mpl.com/data,official_data_page,Savero,ONIC PH,106,3.42,37,1.19,133,4.29,6.46,66.02%,,,,,,,
17,https://ph-mpl.com/data,official_data_page,Kirk,ONIC PH,49,1.88,62,2.38,149,5.73,3.19,63.06%,,,,,,,
17,https://ph-mpl.com/data,official_data_page,Ryota,ONIC PH,4,0.80,19,3.80,25,5.00,1.53,60.42%,,,,,,,
17,https://ph-mpl.com/data,official_data_page,Minguin,OMG,71,2.09,52,1.53,169,4.97,4.62,78.95%,,,,,,,
17,https://ph-mpl.com/data,official_data_page,Perkziva,OMG,15,0.44,117,3.44,216,6.35,1.97,75.99%,,,,,,,
17,https://ph-mpl.com/data,official_data_page,Jeymz,OMG,50,1.47,89,2.62,152,4.47,2.27,66.45%,,,,,,,
17,https://ph-mpl.com/data,official_data_page,Raizen.,OMG,91,2.68,96,2.82,112,3.29,2.11,66.78%,,,,,,,
17,https://ph-mpl.com/data,official_data_page,Netskie,OMG,77,2.26,51,1.50,137,4.03,4.20,70.39%,,,,,,,
17,https://ph-mpl.com/data,official_data_page,Peuder,OMG,-,-,-,-,-,-,-,-,,,,,,,
17,https://ph-mpl.com/data,official_data_page,Ch4knu,TNC,20,0.65,103,3.32,173,5.58,1.87,75.10%,,,,,,,
17,https://ph-mpl.com/data,official_data_page,Bennyqt,TNC,56,1.81,46,1.48,91,2.94,3.20,57.20%,,,,,,,
17,https://ph-mpl.com/data,official_data_page,.3Mar,TNC,41,1.32,105,3.39,131,4.23,1.64,66.93%,,,,,,,
17,https://ph-mpl.com/data,official_data_page,LanceCy,TNC,31,1.55,49,2.45,113,5.65,2.94,86.23%,,,,,,,
17,https://ph-mpl.com/data,official_data_page,Zaida,TNC,96,3.10,75,2.42,96,3.10,2.56,74.71%,,,,,,,
17,https://ph-mpl.com/data,official_data_page,Stowm.,TNC,13,1.18,20,1.82,54,4.91,3.35,74.44%,,,,,,,
17,https://ph-mpl.com/data,official_data_page,Kielvj,APBR,56,1.81,95,3.06,150,4.84,2.17,64.38%,,,,,,,
17,https://ph-mpl.com/data,official_data_page,Aqua,APBR,55,1.83,58,1.93,176,5.87,3.98,73.80%,,,,,,,
17,https://ph-mpl.com/data,official_data_page,Nova_,APBR,27,0.87,99,3.19,208,6.71,2.37,73.44%,,,,,,,
17,https://ph-mpl.com/data,official_data_page,shizou,APBR,59,1.90,43,1.39,125,4.03,4.28,57.50%,,,,,,,
17,https://ph-mpl.com/data,official_data_page,JamesPangks,APBR,121,3.90,74,2.39,132,4.26,3.42,79.06%,,,,,,,
17,https://ph-mpl.com/data,official_data_page,chovskrt,APBR,2,2.00,3,3.00,5,5.00,2.33,100.00%,,,,,,,
17,https://ph-mpl.com/data,official_data_page,Light,RORA,19,0.59,111,3.47,232,7.25,2.26,78.19%,,,,,,,
17,https://ph-mpl.com/data,official_data_page,Edward,RORA,58,1.81,89,2.78,160,5.00,2.45,67.91%,,,,,,,
17,https://ph-mpl.com/data,official_data_page,Demonkite,RORA,85,2.66,74,2.31,141,4.41,3.05,70.40%,,,,,,,
17,https://ph-mpl.com/data,official_data_page,Yue,RORA,74,2.31,44,1.38,170,5.31,5.55,76.01%,,,,,,,
17,https://ph-mpl.com/data,official_data_page,Domengkite,RORA,85,2.66,43,1.34,140,4.38,5.23,70.09%,,,,,,,
17,https://ph-mpl.com/data,official_data_page,Calad,RORA,-,-,-,-,-,-,-,-,,,,,,,
17,https://ph-mpl.com/data,official_data_page,Sanji,TLPH,69,2.23,58,1.87,256,8.26,5.60,74.54%,,,,,,,
17,https://ph-mpl.com/data,official_data_page,Jaypee,TLPH,36,1.16,80,2.58,311,10.03,4.34,79.59%,,,,,,,
17,https://ph-mpl.com/data,official_data_page,KarlTzy,TLPH,146,4.71,52,1.68,157,5.06,5.83,69.50%,,,,,,,
17,https://ph-mpl.com/data,official_data_page,Sanford,TLPH,96,3.10,59,1.90,193,6.23,4.90,66.28%,,,,,,,
17,https://ph-mpl.com/data,official_data_page,AeronnShikii,TLPH,-,-,-,-,-,-,-,-,,,,,,,
17,https://ph-mpl.com/data,official_data_page,Daiki_,TLPH,16,3.20,7,1.40,19,3.80,5.00,47.30%,,,,,,,
17,https://ph-mpl.com/data,official_data_page,Lansu,TWIS,57,1.78,67,2.09,191,5.97,3.70,70.45%,,,,,,,
17,https://ph-mpl.com/data,official_data_page,MPtheKing.,TWIS,125,3.91,74,2.31,147,4.59,3.68,77.27%,,,,,,,
17,https://ph-mpl.com/data,official_data_page,Nosia,TWIS,25,1.79,22,1.57,68,4.86,4.23,61.59%,,,,,,,
17,https://ph-mpl.com/data,official_data_page,Caloy,TWIS,19,0.83,90,3.91,171,7.43,2.11,80.51%,,,,,,,
17,https://ph-mpl.com/data,official_data_page,Sionnn,TWIS,86,2.69,60,1.88,205,6.41,4.85,82.67%,,,,,,,
17,https://ph-mpl.com/data,official_data_page,Owl.,TWIS,34,1.89,34,1.89,82,4.56,3.41,57.71%,,,,,,,
17,https://ph-mpl.com/data,official_data_page,Owgwen,FLCN..,42,1.24,88,2.59,288,8.47,3.75,74.83%,,,,,,,
17,https://ph-mpl.com/data,official_data_page,Kyle,FLCN..,135,3.97,52,1.53,196,5.76,6.37,75.06%,,,,,,,
17,https://ph-mpl.com/data,official_data_page,SuperMarco,FLCN..,102,3.00,32,0.94,200,5.88,9.44,68.48%,,,,,,,
17,https://ph-mpl.com/data,official_data_page,Flap,FLCN..,69,2.03,77,2.26,238,7.00,3.99,69.61%,,,,,,,
17,https://ph-mpl.com/data,official_data_page,Hadji,FLCN..,93,2.74,54,1.59,247,7.26,6.30,77.10%,,,,,,,
17,https://ph-mpl.com/data,official_data_page,Ferdz,FLCN..,-,-,-,-,-,-,-,-,,,,,,,
17,https://ph-mpl.com/data,official_data_page,Teddy,TLPH,73,2.81,18,0.69,120,4.62,10.72,53.31%,,,,,,,
